[
    {
        "ServerName":  "SRV8037",
        "ServerStatus":  "Available",
        "Location":  "BRIDGWATER",
        "C_Total":  128,
        "C_Free":  105,
        "C_Utilization":  18,
        "F_Total":  380,
        "F_Free":  303,
        "F_Utilization":  20
    },
    {
        "ServerName":  "SRV8041",
        "ServerStatus":  "Available",
        "Location":  "WISBECH",
        "C_Total":  152,
        "C_Free":  127,
        "C_Utilization":  17,
        "F_Total":  667,
        "F_Free":  615,
        "F_Utilization":  8
    },
    {
        "ServerName":  "SRV8044",
        "ServerStatus":  "Available",
        "Location":  "Martlesham Heath",
        "C_Total":  151,
        "C_Free":  125,
        "C_Utilization":  17,
        "F_Total":  668,
        "F_Free":  614,
        "F_Utilization":  8
    },
    {
        "ServerName":  "SRV8048",
        "ServerStatus":  "Available",
        "Location":  "TAUNTON",
        "C_Total":  158,
        "C_Free":  133,
        "C_Utilization":  16,
        "F_Total":  661,
        "F_Free":  587,
        "F_Utilization":  11
    },
    {
        "ServerName":  "SRV8049",
        "ServerStatus":  "Available",
        "Location":  "FARNBOROUGH",
        "C_Total":  152,
        "C_Free":  129,
        "C_Utilization":  15,
        "F_Total":  667,
        "F_Free":  579,
        "F_Utilization":  13
    },
    {
        "ServerName":  "SRV8053",
        "ServerStatus":  "Available",
        "Location":  "HULL",
        "C_Total":  121,
        "C_Free":  96,
        "C_Utilization":  21,
        "F_Total":  437,
        "F_Free":  371,
        "F_Utilization":  15
    },
    {
        "ServerName":  "SRV8055",
        "ServerStatus":  "Available",
        "Location":  "BRADFORD",
        "C_Total":  60,
        "C_Free":  36,
        "C_Utilization":  40,
        "F_Total":  77,
        "F_Free":  25,
        "F_Utilization":  68
    },
    {
        "ServerName":  "SRV8059",
        "ServerStatus":  "Available",
        "Location":  "WIMBLEDON",
        "C_Total":  128,
        "C_Free":  106,
        "C_Utilization":  17,
        "F_Total":  400,
        "F_Free":  326,
        "F_Utilization":  18
    },
    {
        "ServerName":  "SRV8061",
        "ServerStatus":  "Available",
        "Location":  "LINCOLN",
        "C_Total":  57,
        "C_Free":  33,
        "C_Utilization":  43,
        "F_Total":  80,
        "F_Free":  23,
        "F_Utilization":  71
    },
    {
        "ServerName":  "SRV8062",
        "ServerStatus":  "Available",
        "Location":  "DUNSTABLE",
        "C_Total":  54,
        "C_Free":  27,
        "C_Utilization":  50,
        "F_Total":  82,
        "F_Free":  24,
        "F_Utilization":  70
    },
    {
        "ServerName":  "SRV8064",
        "ServerStatus":  "Available",
        "Location":  "SCUNTHORPE",
        "C_Total":  60,
        "C_Free":  36,
        "C_Utilization":  39,
        "F_Total":  77,
        "F_Free":  21,
        "F_Utilization":  72
    },
    {
        "ServerName":  "SRV8065",
        "ServerStatus":  "Available",
        "Location":  "ROTHERHAM",
        "C_Total":  50,
        "C_Free":  24,
        "C_Utilization":  52,
        "F_Total":  86,
        "F_Free":  28,
        "F_Utilization":  68
    },
    {
        "ServerName":  "SRV8066",
        "ServerStatus":  "Available",
        "Location":  "DEWSBURY",
        "C_Total":  61,
        "C_Free":  32,
        "C_Utilization":  48,
        "F_Total":  76,
        "F_Free":  27,
        "F_Utilization":  65
    },
    {
        "ServerName":  "SRV8067",
        "ServerStatus":  "Available",
        "Location":  "SUTTON IN ASHFIELD",
        "C_Total":  50,
        "C_Free":  27,
        "C_Utilization":  47,
        "F_Total":  86,
        "F_Free":  31,
        "F_Utilization":  64
    },
    {
        "ServerName":  "SRV8071",
        "ServerStatus":  "Available",
        "Location":  "NOTTINGHAM CENTRAL",
        "C_Total":  60,
        "C_Free":  37,
        "C_Utilization":  39,
        "F_Total":  77,
        "F_Free":  23,
        "F_Utilization":  70
    },
    {
        "ServerName":  "SRV8072",
        "ServerStatus":  "Available",
        "Location":  "CRICKLEWOOD",
        "C_Total":  55,
        "C_Free":  30,
        "C_Utilization":  46,
        "F_Total":  82,
        "F_Free":  25,
        "F_Utilization":  69
    },
    {
        "ServerName":  "SRV8074",
        "ServerStatus":  "Available",
        "Location":  "CHELTENHAM",
        "C_Total":  128,
        "C_Free":  102,
        "C_Utilization":  20,
        "F_Total":  431,
        "F_Free":  355,
        "F_Utilization":  18
    },
    {
        "ServerName":  "SRV8075",
        "ServerStatus":  "Available",
        "Location":  "COVENTRY",
        "C_Total":  42,
        "C_Free":  17,
        "C_Utilization":  58,
        "F_Total":  95,
        "F_Free":  35,
        "F_Utilization":  63
    },
    {
        "ServerName":  "SRV8077",
        "ServerStatus":  "Available",
        "Location":  "BRISTOL",
        "C_Total":  134,
        "C_Free":  90,
        "C_Utilization":  33,
        "F_Total":  425,
        "F_Free":  346,
        "F_Utilization":  19
    },
    {
        "ServerName":  "SRV8078",
        "ServerStatus":  "Available",
        "Location":  "RUISLIP",
        "C_Total":  73,
        "C_Free":  48,
        "C_Utilization":  35,
        "F_Total":  201,
        "F_Free":  82,
        "F_Utilization":  59
    },
    {
        "ServerName":  "SRV8079",
        "ServerStatus":  "Available",
        "Location":  "DERBY",
        "C_Total":  40,
        "C_Free":  14,
        "C_Utilization":  65,
        "F_Total":  97,
        "F_Free":  33,
        "F_Utilization":  65
    },
    {
        "ServerName":  "SRV8080",
        "ServerStatus":  "Available",
        "Location":  "WOKING",
        "C_Total":  39,
        "C_Free":  16,
        "C_Utilization":  60,
        "F_Total":  97,
        "F_Free":  30,
        "F_Utilization":  70
    },
    {
        "ServerName":  "SRV8081",
        "ServerStatus":  "Available",
        "Location":  "STOCKPORT",
        "C_Total":  56,
        "C_Free":  29,
        "C_Utilization":  47,
        "F_Total":  81,
        "F_Free":  23,
        "F_Utilization":  72
    },
    {
        "ServerName":  "SRV8082",
        "ServerStatus":  "Available",
        "Location":  "RAYLEIGH",
        "C_Total":  45,
        "C_Free":  16,
        "C_Utilization":  64,
        "F_Total":  92,
        "F_Free":  26,
        "F_Utilization":  72
    },
    {
        "ServerName":  "SRV8083",
        "ServerStatus":  "Available",
        "Location":  "CATFORD",
        "C_Total":  72,
        "C_Free":  47,
        "C_Utilization":  35,
        "F_Total":  202,
        "F_Free":  92,
        "F_Utilization":  54
    },
    {
        "ServerName":  "SRV8088",
        "ServerStatus":  "Available",
        "Location":  "PUDSEY",
        "C_Total":  46,
        "C_Free":  21,
        "C_Utilization":  55,
        "F_Total":  90,
        "F_Free":  26,
        "F_Utilization":  71
    },
    {
        "ServerName":  "SRV8090",
        "ServerStatus":  "Available",
        "Location":  "ASHFORD",
        "C_Total":  48,
        "C_Free":  24,
        "C_Utilization":  49,
        "F_Total":  89,
        "F_Free":  29,
        "F_Utilization":  68
    },
    {
        "ServerName":  "SRV8091",
        "ServerStatus":  "Available",
        "Location":  "TOTTENHAM",
        "C_Total":  123,
        "C_Free":  93,
        "C_Utilization":  24,
        "F_Total":  436,
        "F_Free":  359,
        "F_Utilization":  18
    },
    {
        "ServerName":  "SRV8093",
        "ServerStatus":  "Available",
        "Location":  "DARTFORD",
        "C_Total":  123,
        "C_Free":  102,
        "C_Utilization":  17,
        "F_Total":  436,
        "F_Free":  347,
        "F_Utilization":  20
    },
    {
        "ServerName":  "SRV8096",
        "ServerStatus":  "Available",
        "Location":  "HEMEL HEMPSTEAD",
        "C_Total":  55,
        "C_Free":  31,
        "C_Utilization":  44,
        "F_Total":  82,
        "F_Free":  20,
        "F_Utilization":  76
    },
    {
        "ServerName":  "SRV8208",
        "ServerStatus":  "Available",
        "Location":  "CANNING TOWN",
        "C_Total":  60,
        "C_Free":  35,
        "C_Utilization":  41,
        "F_Total":  76,
        "F_Free":  23,
        "F_Utilization":  69
    },
    {
        "ServerName":  "SRV8209",
        "ServerStatus":  "Available",
        "Location":  "PETERBOROUGH",
        "C_Total":  45,
        "C_Free":  19,
        "C_Utilization":  57,
        "F_Total":  92,
        "F_Free":  31,
        "F_Utilization":  66
    },
    {
        "ServerName":  "SRV8214",
        "ServerStatus":  "Available",
        "Location":  "MERTON",
        "C_Total":  128,
        "C_Free":  106,
        "C_Utilization":  17,
        "F_Total":  380,
        "F_Free":  321,
        "F_Utilization":  15
    },
    {
        "ServerName":  "SRV8215",
        "ServerStatus":  "Available",
        "Location":  "CROYDON",
        "C_Total":  60,
        "C_Free":  37,
        "C_Utilization":  38,
        "F_Total":  76,
        "F_Free":  23,
        "F_Utilization":  70
    },
    {
        "ServerName":  "SRV8216",
        "ServerStatus":  "Available",
        "Location":  "HANDSWORTH",
        "C_Total":  60,
        "C_Free":  35,
        "C_Utilization":  41,
        "F_Total":  77,
        "F_Free":  30,
        "F_Utilization":  61
    },
    {
        "ServerName":  "SRV8220",
        "ServerStatus":  "Available",
        "Location":  "REDDITCH",
        "C_Total":  121,
        "C_Free":  95,
        "C_Utilization":  22,
        "F_Total":  437,
        "F_Free":  374,
        "F_Utilization":  15
    },
    {
        "ServerName":  "SRV8221",
        "ServerStatus":  "Available",
        "Location":  "WORTHING",
        "C_Total":  40,
        "C_Free":  12,
        "C_Utilization":  70,
        "F_Total":  96,
        "F_Free":  22,
        "F_Utilization":  77
    },
    {
        "ServerName":  "SRV8222",
        "ServerStatus":  "Available",
        "Location":  "HAYES",
        "C_Total":  52,
        "C_Free":  29,
        "C_Utilization":  45,
        "F_Total":  84,
        "F_Free":  24,
        "F_Utilization":  72
    },
    {
        "ServerName":  "SRV8225",
        "ServerStatus":  "Available",
        "Location":  "MINWORTH",
        "C_Total":  120,
        "C_Free":  95,
        "C_Utilization":  21,
        "F_Total":  400,
        "F_Free":  322,
        "F_Utilization":  19
    },
    {
        "ServerName":  "SRV8226",
        "ServerStatus":  "Available",
        "Location":  "STOCKTON",
        "C_Total":  45,
        "C_Free":  22,
        "C_Utilization":  50,
        "F_Total":  92,
        "F_Free":  32,
        "F_Utilization":  65
    },
    {
        "ServerName":  "SRV8227",
        "ServerStatus":  "Available",
        "Location":  "WATERLOOVILLE",
        "C_Total":  43,
        "C_Free":  21,
        "C_Utilization":  51,
        "F_Total":  93,
        "F_Free":  23,
        "F_Utilization":  76
    },
    {
        "ServerName":  "SRV8228",
        "ServerStatus":  "Available",
        "Location":  "FAREHAM",
        "C_Total":  41,
        "C_Free":  17,
        "C_Utilization":  59,
        "F_Total":  96,
        "F_Free":  29,
        "F_Utilization":  70
    },
    {
        "ServerName":  "SRV8229",
        "ServerStatus":  "Available",
        "Location":  "WALLSEND",
        "C_Total":  124,
        "C_Free":  98,
        "C_Utilization":  21,
        "F_Total":  435,
        "F_Free":  343,
        "F_Utilization":  21
    },
    {
        "ServerName":  "SRV8230",
        "ServerStatus":  "Available",
        "Location":  "BRIGHTON",
        "C_Total":  31,
        "C_Free":  7,
        "C_Utilization":  77,
        "F_Total":  105,
        "F_Free":  26,
        "F_Utilization":  75
    },
    {
        "ServerName":  "SRV8231",
        "ServerStatus":  "Available",
        "Location":  "STOKE",
        "C_Total":  58,
        "C_Free":  34,
        "C_Utilization":  41,
        "F_Total":  79,
        "F_Free":  23,
        "F_Utilization":  71
    },
    {
        "ServerName":  "SRV8233",
        "ServerStatus":  "Available",
        "Location":  "CHATHAM",
        "C_Total":  130,
        "C_Free":  107,
        "C_Utilization":  18,
        "F_Total":  429,
        "F_Free":  353,
        "F_Utilization":  18
    },
    {
        "ServerName":  "SRV8234",
        "ServerStatus":  "Available",
        "Location":  "OXFORD",
        "C_Total":  124,
        "C_Free":  96,
        "C_Utilization":  22,
        "F_Total":  435,
        "F_Free":  349,
        "F_Utilization":  20
    },
    {
        "ServerName":  "SRV8235",
        "ServerStatus":  "Available",
        "Location":  "HALL GREEN",
        "C_Total":  126,
        "C_Free":  100,
        "C_Utilization":  21,
        "F_Total":  432,
        "F_Free":  354,
        "F_Utilization":  18
    },
    {
        "ServerName":  "SRV8236",
        "ServerStatus":  "Available",
        "Location":  "CLIFTON",
        "C_Total":  54,
        "C_Free":  32,
        "C_Utilization":  40,
        "F_Total":  82,
        "F_Free":  25,
        "F_Utilization":  69
    },
    {
        "ServerName":  "SRV8237",
        "ServerStatus":  "Available",
        "Location":  "HANGER LANE",
        "C_Total":  46,
        "C_Free":  21,
        "C_Utilization":  56,
        "F_Total":  90,
        "F_Free":  25,
        "F_Utilization":  72
    },
    {
        "ServerName":  "SRV8238",
        "ServerStatus":  "Available",
        "Location":  "ST. ALBANS",
        "C_Total":  128,
        "C_Free":  99,
        "C_Utilization":  23,
        "F_Total":  431,
        "F_Free":  337,
        "F_Utilization":  22
    },
    {
        "ServerName":  "SRV8239",
        "ServerStatus":  "Available",
        "Location":  "DONCASTER",
        "C_Total":  60,
        "C_Free":  37,
        "C_Utilization":  38,
        "F_Total":  77,
        "F_Free":  20,
        "F_Utilization":  74
    },
    {
        "ServerName":  "SRV8240",
        "ServerStatus":  "Available",
        "Location":  "DORKING",
        "C_Total":  121,
        "C_Free":  97,
        "C_Utilization":  20,
        "F_Total":  437,
        "F_Free":  358,
        "F_Utilization":  18
    },
    {
        "ServerName":  "SRV8243",
        "ServerStatus":  "Available",
        "Location":  "WALTHAM CROSS",
        "C_Total":  50,
        "C_Free":  25,
        "C_Utilization":  51,
        "F_Total":  87,
        "F_Free":  25,
        "F_Utilization":  71
    },
    {
        "ServerName":  "SRV8246",
        "ServerStatus":  "Available",
        "Location":  "BOURNEMOUTH",
        "C_Total":  121,
        "C_Free":  96,
        "C_Utilization":  21,
        "F_Total":  437,
        "F_Free":  367,
        "F_Utilization":  16
    },
    {
        "ServerName":  "SRV8247",
        "ServerStatus":  "Available",
        "Location":  "BARNSLEY",
        "C_Total":  54,
        "C_Free":  29,
        "C_Utilization":  46,
        "F_Total":  83,
        "F_Free":  20,
        "F_Utilization":  76
    },
    {
        "ServerName":  "SRV8248",
        "ServerStatus":  "Available",
        "Location":  "PERTH",
        "C_Total":  61,
        "C_Free":  38,
        "C_Utilization":  37,
        "F_Total":  76,
        "F_Free":  22,
        "F_Utilization":  71
    },
    {
        "ServerName":  "SRV8250",
        "ServerStatus":  "Available",
        "Location":  "CREWE",
        "C_Total":  60,
        "C_Free":  38,
        "C_Utilization":  37,
        "F_Total":  77,
        "F_Free":  16,
        "F_Utilization":  79
    },
    {
        "ServerName":  "SRV8251",
        "ServerStatus":  "Available",
        "Location":  "LANCASTER",
        "C_Total":  45,
        "C_Free":  18,
        "C_Utilization":  60,
        "F_Total":  91,
        "F_Free":  23,
        "F_Utilization":  74
    },
    {
        "ServerName":  "SRV8252",
        "ServerStatus":  "Available",
        "Location":  "DUDLEY",
        "C_Total":  60,
        "C_Free":  38,
        "C_Utilization":  36,
        "F_Total":  77,
        "F_Free":  21,
        "F_Utilization":  73
    },
    {
        "ServerName":  "SRV8253",
        "ServerStatus":  "Available",
        "Location":  "CARLISLE",
        "C_Total":  120,
        "C_Free":  92,
        "C_Utilization":  24,
        "F_Total":  438,
        "F_Free":  338,
        "F_Utilization":  23
    },
    {
        "ServerName":  "SRV8256",
        "ServerStatus":  "Available",
        "Location":  "BARNSTAPLE",
        "C_Total":  124,
        "C_Free":  99,
        "C_Utilization":  20,
        "F_Total":  435,
        "F_Free":  359,
        "F_Utilization":  17
    },
    {
        "ServerName":  "SRV8257",
        "ServerStatus":  "Available",
        "Location":  "NOTTINGHAM NORTH",
        "C_Total":  51,
        "C_Free":  29,
        "C_Utilization":  42,
        "F_Total":  86,
        "F_Free":  28,
        "F_Utilization":  67
    },
    {
        "ServerName":  "SRV8258",
        "ServerStatus":  "Available",
        "Location":  "DUNDEE",
        "C_Total":  120,
        "C_Free":  93,
        "C_Utilization":  23,
        "F_Total":  438,
        "F_Free":  357,
        "F_Utilization":  19
    },
    {
        "ServerName":  "SRV8260",
        "ServerStatus":  "Available",
        "Location":  "HANWORTH",
        "C_Total":  128,
        "C_Free":  104,
        "C_Utilization":  19,
        "F_Total":  380,
        "F_Free":  310,
        "F_Utilization":  18
    },
    {
        "ServerName":  "SRV8261",
        "ServerStatus":  "Available",
        "Location":  "CANNOCK",
        "C_Total":  52,
        "C_Free":  28,
        "C_Utilization":  47,
        "F_Total":  84,
        "F_Free":  19,
        "F_Utilization":  77
    },
    {
        "ServerName":  "SRV8262",
        "ServerStatus":  "Available",
        "Location":  "CHESTER",
        "C_Total":  60,
        "C_Free":  34,
        "C_Utilization":  44,
        "F_Total":  76,
        "F_Free":  22,
        "F_Utilization":  72
    },
    {
        "ServerName":  "SRV8263",
        "ServerStatus":  "Available",
        "Location":  "HUDDERSFIELD",
        "C_Total":  53,
        "C_Free":  29,
        "C_Utilization":  45,
        "F_Total":  83,
        "F_Free":  22,
        "F_Utilization":  73
    },
    {
        "ServerName":  "SRV8264",
        "ServerStatus":  "Available",
        "Location":  "BEDFORD",
        "C_Total":  42,
        "C_Free":  16,
        "C_Utilization":  61,
        "F_Total":  95,
        "F_Free":  31,
        "F_Utilization":  67
    },
    {
        "ServerName":  "SRV8265",
        "ServerStatus":  "Available",
        "Location":  "EASTBOURNE",
        "C_Total":  54,
        "C_Free":  29,
        "C_Utilization":  47,
        "F_Total":  82,
        "F_Free":  24,
        "F_Utilization":  71
    },
    {
        "ServerName":  "SRV8267",
        "ServerStatus":  "Available",
        "Location":  "PONTEFRACT",
        "C_Total":  53,
        "C_Free":  28,
        "C_Utilization":  48,
        "F_Total":  84,
        "F_Free":  27,
        "F_Utilization":  67
    },
    {
        "ServerName":  "SRV8268",
        "ServerStatus":  "Available",
        "Location":  "SHREWSBURY",
        "C_Total":  60,
        "C_Free":  37,
        "C_Utilization":  39,
        "F_Total":  77,
        "F_Free":  24,
        "F_Utilization":  69
    },
    {
        "ServerName":  "SRV8270",
        "ServerStatus":  "Available",
        "Location":  "LETCHWORTH",
        "C_Total":  42,
        "C_Free":  18,
        "C_Utilization":  57,
        "F_Total":  95,
        "F_Free":  34,
        "F_Utilization":  65
    },
    {
        "ServerName":  "SRV8271",
        "ServerStatus":  "Available",
        "Location":  "BRIDGEND",
        "C_Total":  125,
        "C_Free":  99,
        "C_Utilization":  21,
        "F_Total":  434,
        "F_Free":  357,
        "F_Utilization":  18
    },
    {
        "ServerName":  "SRV8273",
        "ServerStatus":  "Available",
        "Location":  "PRESTON",
        "C_Total":  41,
        "C_Free":  17,
        "C_Utilization":  59,
        "F_Total":  96,
        "F_Free":  27,
        "F_Utilization":  71
    },
    {
        "ServerName":  "SRV8274",
        "ServerStatus":  "Available",
        "Location":  "YEOVIL",
        "C_Total":  120,
        "C_Free":  91,
        "C_Utilization":  24,
        "F_Total":  438,
        "F_Free":  372,
        "F_Utilization":  15
    },
    {
        "ServerName":  "SRV8276",
        "ServerStatus":  "Available",
        "Location":  "AINTREE",
        "C_Total":  57,
        "C_Free":  35,
        "C_Utilization":  39,
        "F_Total":  80,
        "F_Free":  22,
        "F_Utilization":  72
    },
    {
        "ServerName":  "SRV8277",
        "ServerStatus":  "Available",
        "Location":  "BANBURY",
        "C_Total":  126,
        "C_Free":  99,
        "C_Utilization":  21,
        "F_Total":  432,
        "F_Free":  358,
        "F_Utilization":  17
    },
    {
        "ServerName":  "SRV8279",
        "ServerStatus":  "Available",
        "Location":  "BLETCHLEY",
        "C_Total":  57,
        "C_Free":  36,
        "C_Utilization":  37,
        "F_Total":  80,
        "F_Free":  24,
        "F_Utilization":  69
    },
    {
        "ServerName":  "SRV8281",
        "ServerStatus":  "Available",
        "Location":  "BLACKHEATH",
        "C_Total":  41,
        "C_Free":  17,
        "C_Utilization":  59,
        "F_Total":  96,
        "F_Free":  29,
        "F_Utilization":  70
    },
    {
        "ServerName":  "SRV8282",
        "ServerStatus":  "Available",
        "Location":  "STIRLING",
        "C_Total":  60,
        "C_Free":  35,
        "C_Utilization":  42,
        "F_Total":  77,
        "F_Free":  24,
        "F_Utilization":  69
    },
    {
        "ServerName":  "SRV8283",
        "ServerStatus":  "Available",
        "Location":  "CHESTERFIELD",
        "C_Total":  52,
        "C_Free":  27,
        "C_Utilization":  47,
        "F_Total":  85,
        "F_Free":  24,
        "F_Utilization":  72
    },
    {
        "ServerName":  "SRV8284",
        "ServerStatus":  "Available",
        "Location":  "BURY",
        "C_Total":  53,
        "C_Free":  29,
        "C_Utilization":  45,
        "F_Total":  84,
        "F_Free":  29,
        "F_Utilization":  65
    },
    {
        "ServerName":  "SRV8287",
        "ServerStatus":  "Available",
        "Location":  "COLCHESTER",
        "C_Total":  251,
        "C_Free":  227,
        "C_Utilization":  10,
        "F_Total":  1007,
        "F_Free":  900,
        "F_Utilization":  11
    },
    {
        "ServerName":  "SRV8290",
        "ServerStatus":  "Available",
        "Location":  "NEWPORT",
        "C_Total":  123,
        "C_Free":  99,
        "C_Utilization":  20,
        "F_Total":  435,
        "F_Free":  343,
        "F_Utilization":  21
    },
    {
        "ServerName":  "SRV8291",
        "ServerStatus":  "Available",
        "Location":  "BAGULEY",
        "C_Total":  53,
        "C_Free":  29,
        "C_Utilization":  45,
        "F_Total":  84,
        "F_Free":  27,
        "F_Utilization":  68
    },
    {
        "ServerName":  "SRV8292",
        "ServerStatus":  "Available",
        "Location":  "PLYMOUTH",
        "C_Total":  200,
        "C_Free":  171,
        "C_Utilization":  14,
        "F_Total":  349,
        "F_Free":  274,
        "F_Utilization":  22
    },
    {
        "ServerName":  "SRV8293",
        "ServerStatus":  "Available",
        "Location":  "NORTHAMPTON",
        "C_Total":  42,
        "C_Free":  19,
        "C_Utilization":  55,
        "F_Total":  94,
        "F_Free":  36,
        "F_Utilization":  62
    },
    {
        "ServerName":  "SRV8296",
        "ServerStatus":  "Available",
        "Location":  "BLACKPOOL",
        "C_Total":  60,
        "C_Free":  36,
        "C_Utilization":  40,
        "F_Total":  77,
        "F_Free":  17,
        "F_Utilization":  78
    },
    {
        "ServerName":  "SRV8297",
        "ServerStatus":  "Available",
        "Location":  "BARKING EXTRA",
        "C_Total":  35,
        "C_Free":  7,
        "C_Utilization":  80,
        "F_Total":  102,
        "F_Free":  22,
        "F_Utilization":  78
    },
    {
        "ServerName":  "SRV8298",
        "ServerStatus":  "Available",
        "Location":  "BIRKENHEAD",
        "C_Total":  49,
        "C_Free":  26,
        "C_Utilization":  46,
        "F_Total":  88,
        "F_Free":  32,
        "F_Utilization":  63
    },
    {
        "ServerName":  "SRV8299",
        "ServerStatus":  "Available",
        "Location":  "STAFFORD",
        "C_Total":  60,
        "C_Free":  36,
        "C_Utilization":  39,
        "F_Total":  77,
        "F_Free":  18,
        "F_Utilization":  76
    },
    {
        "ServerName":  "SRV8301",
        "ServerStatus":  "Available",
        "Location":  "WARRINGTON",
        "C_Total":  50,
        "C_Free":  27,
        "C_Utilization":  45,
        "F_Total":  86,
        "F_Free":  30,
        "F_Utilization":  65
    },
    {
        "ServerName":  "SRV8303",
        "ServerStatus":  "Available",
        "Location":  "HALIFAX",
        "C_Total":  139,
        "C_Free":  113,
        "C_Utilization":  19,
        "F_Total":  420,
        "F_Free":  357,
        "F_Utilization":  15
    },
    {
        "ServerName":  "SRV8308",
        "ServerStatus":  "Available",
        "Location":  "WREXHAM",
        "C_Total":  57,
        "C_Free":  33,
        "C_Utilization":  42,
        "F_Total":  80,
        "F_Free":  18,
        "F_Utilization":  77
    },
    {
        "ServerName":  "SRV8309",
        "ServerStatus":  "Available",
        "Location":  "EPSOM",
        "C_Total":  128,
        "C_Free":  105,
        "C_Utilization":  18,
        "F_Total":  400,
        "F_Free":  328,
        "F_Utilization":  18
    },
    {
        "ServerName":  "SRV8310",
        "ServerStatus":  "Available",
        "Location":  "ERITH",
        "C_Total":  58,
        "C_Free":  33,
        "C_Utilization":  43,
        "F_Total":  79,
        "F_Free":  25,
        "F_Utilization":  68
    },
    {
        "ServerName":  "SRV8312",
        "ServerStatus":  "Available",
        "Location":  "BRACKNELL",
        "C_Total":  39,
        "C_Free":  11,
        "C_Utilization":  71,
        "F_Total":  97,
        "F_Free":  32,
        "F_Utilization":  67
    },
    {
        "ServerName":  "SRV8313",
        "ServerStatus":  "Available",
        "Location":  "HIGH WYCOMBE",
        "C_Total":  51,
        "C_Free":  27,
        "C_Utilization":  47,
        "F_Total":  86,
        "F_Free":  28,
        "F_Utilization":  68
    },
    {
        "ServerName":  "SRV8314",
        "ServerStatus":  "Available",
        "Location":  "MAIDSTONE EXTRA",
        "C_Total":  128,
        "C_Free":  106,
        "C_Utilization":  17,
        "F_Total":  400,
        "F_Free":  318,
        "F_Utilization":  20
    },
    {
        "ServerName":  "SRV8316",
        "ServerStatus":  "Available",
        "Location":  "AYLESBURY EXTRA",
        "C_Total":  42,
        "C_Free":  18,
        "C_Utilization":  59,
        "F_Total":  94,
        "F_Free":  32,
        "F_Utilization":  65
    },
    {
        "ServerName":  "SRV8317",
        "ServerStatus":  "Available",
        "Location":  "LOWESTOFT",
        "C_Total":  200,
        "C_Free":  174,
        "C_Utilization":  13,
        "F_Total":  349,
        "F_Free":  284,
        "F_Utilization":  19
    },
    {
        "ServerName":  "SRV8318",
        "ServerStatus":  "Available",
        "Location":  "BICESTER",
        "C_Total":  130,
        "C_Free":  102,
        "C_Utilization":  22,
        "F_Total":  429,
        "F_Free":  344,
        "F_Utilization":  20
    },
    {
        "ServerName":  "SRV8319",
        "ServerStatus":  "Available",
        "Location":  "BEXHILL",
        "C_Total":  50,
        "C_Free":  26,
        "C_Utilization":  48,
        "F_Total":  86,
        "F_Free":  30,
        "F_Utilization":  66
    },
    {
        "ServerName":  "SRV8320",
        "ServerStatus":  "Available",
        "Location":  "SITTINGBOURNE",
        "C_Total":  125,
        "C_Free":  101,
        "C_Utilization":  20,
        "F_Total":  434,
        "F_Free":  345,
        "F_Utilization":  21
    },
    {
        "ServerName":  "SRV8321",
        "ServerStatus":  "Available",
        "Location":  "ANDOVER",
        "C_Total":  50,
        "C_Free":  22,
        "C_Utilization":  57,
        "F_Total":  496,
        "F_Free":  429,
        "F_Utilization":  13
    },
    {
        "ServerName":  "SRV8322",
        "ServerStatus":  "Available",
        "Location":  "EDMONTON EXTRA",
        "C_Total":  40,
        "C_Free":  13,
        "C_Utilization":  68,
        "F_Total":  96,
        "F_Free":  32,
        "F_Utilization":  66
    },
    {
        "ServerName":  "SRV8323",
        "ServerStatus":  "Available",
        "Location":  "SWANSEA EXTRA",
        "C_Total":  136,
        "C_Free":  109,
        "C_Utilization":  20,
        "F_Total":  423,
        "F_Free":  353,
        "F_Utilization":  16
    },
    {
        "ServerName":  "SRV8326",
        "ServerStatus":  "Available",
        "Location":  "KETTERING EXTRA",
        "C_Total":  40,
        "C_Free":  15,
        "C_Utilization":  62,
        "F_Total":  97,
        "F_Free":  34,
        "F_Utilization":  64
    },
    {
        "ServerName":  "SRV8327",
        "ServerStatus":  "Available",
        "Location":  "WAKEFIELD",
        "C_Total":  60,
        "C_Free":  36,
        "C_Utilization":  39,
        "F_Total":  77,
        "F_Free":  23,
        "F_Utilization":  70
    },
    {
        "ServerName":  "SRV8328",
        "ServerStatus":  "Available",
        "Location":  "SOUTHAMPTON EXTRA",
        "C_Total":  124,
        "C_Free":  99,
        "C_Utilization":  20,
        "F_Total":  435,
        "F_Free":  362,
        "F_Utilization":  17
    },
    {
        "ServerName":  "SRV8329",
        "ServerStatus":  "Available",
        "Location":  "WESTON SUPER MARE",
        "C_Total":  124,
        "C_Free":  98,
        "C_Utilization":  21,
        "F_Total":  435,
        "F_Free":  342,
        "F_Utilization":  21
    },
    {
        "ServerName":  "SRV8331",
        "ServerStatus":  "Available",
        "Location":  "TAMWORTH",
        "C_Total":  60,
        "C_Free":  36,
        "C_Utilization":  40,
        "F_Total":  76,
        "F_Free":  25,
        "F_Utilization":  67
    },
    {
        "ServerName":  "SRV8332",
        "ServerStatus":  "Available",
        "Location":  "BASINGSTOKE",
        "C_Total":  40,
        "C_Free":  15,
        "C_Utilization":  62,
        "F_Total":  97,
        "F_Free":  35,
        "F_Utilization":  64
    },
    {
        "ServerName":  "SRV8334",
        "ServerStatus":  "Available",
        "Location":  "PERRY BAR EXTRA",
        "C_Total":  50,
        "C_Free":  25,
        "C_Utilization":  50,
        "F_Total":  87,
        "F_Free":  23,
        "F_Utilization":  73
    },
    {
        "ServerName":  "SRV8336",
        "ServerStatus":  "Available",
        "Location":  "EXETER",
        "C_Total":  120,
        "C_Free":  92,
        "C_Utilization":  24,
        "F_Total":  438,
        "F_Free":  345,
        "F_Utilization":  21
    },
    {
        "ServerName":  "SRV8337",
        "ServerStatus":  "Available",
        "Location":  "HARLOW EXTRA",
        "C_Total":  39,
        "C_Free":  14,
        "C_Utilization":  63,
        "F_Total":  97,
        "F_Free":  26,
        "F_Utilization":  73
    },
    {
        "ServerName":  "SRV8338",
        "ServerStatus":  "Available",
        "Location":  "HAVANT EXTRA",
        "C_Total":  50,
        "C_Free":  26,
        "C_Utilization":  47,
        "F_Total":  86,
        "F_Free":  22,
        "F_Utilization":  75
    },
    {
        "ServerName":  "SRV8340",
        "ServerStatus":  "Available",
        "Location":  "SLOUGH",
        "C_Total":  43,
        "C_Free":  19,
        "C_Utilization":  56,
        "F_Total":  94,
        "F_Free":  29,
        "F_Utilization":  69
    },
    {
        "ServerName":  "SRV8342",
        "ServerStatus":  "Available",
        "Location":  "SWINDON EXTRA",
        "C_Total":  123,
        "C_Free":  93,
        "C_Utilization":  24,
        "F_Total":  436,
        "F_Free":  327,
        "F_Utilization":  25
    },
    {
        "ServerName":  "SRV8343",
        "ServerStatus":  "Available",
        "Location":  "TELFORD",
        "C_Total":  50,
        "C_Free":  24,
        "C_Utilization":  52,
        "F_Total":  87,
        "F_Free":  16,
        "F_Utilization":  81
    },
    {
        "ServerName":  "SRV8344",
        "ServerStatus":  "Available",
        "Location":  "BROADSTAIRS EXTRA",
        "C_Total":  128,
        "C_Free":  103,
        "C_Utilization":  20,
        "F_Total":  431,
        "F_Free":  343,
        "F_Utilization":  21
    },
    {
        "ServerName":  "SRV8347",
        "ServerStatus":  "Available",
        "Location":  "CAERPHILLY",
        "C_Total":  219,
        "C_Free":  189,
        "C_Utilization":  14,
        "F_Total":  339,
        "F_Free":  260,
        "F_Utilization":  23
    },
    {
        "ServerName":  "SRV8348",
        "ServerStatus":  "Available",
        "Location":  "NEWCASTLE EXTRA",
        "C_Total":  38,
        "C_Free":  12,
        "C_Utilization":  69,
        "F_Total":  98,
        "F_Free":  33,
        "F_Utilization":  67
    },
    {
        "ServerName":  "SRV8349",
        "ServerStatus":  "Available",
        "Location":  "CHIPPENHAM",
        "C_Total":  55,
        "C_Free":  36,
        "C_Utilization":  35,
        "F_Total":  81,
        "F_Free":  26,
        "F_Utilization":  68
    },
    {
        "ServerName":  "SRV8350",
        "ServerStatus":  "Available",
        "Location":  "IPSWICH",
        "C_Total":  57,
        "C_Free":  35,
        "C_Utilization":  39,
        "F_Total":  80,
        "F_Free":  20,
        "F_Utilization":  75
    },
    {
        "ServerName":  "SRV8351",
        "ServerStatus":  "Available",
        "Location":  "Cirencester",
        "C_Total":  155,
        "C_Free":  127,
        "C_Utilization":  18,
        "F_Total":  1103,
        "F_Free":  1033,
        "F_Utilization":  6
    },
    {
        "ServerName":  "SRV8352",
        "ServerStatus":  "Available",
        "Location":  "GLASGOW",
        "C_Total":  159,
        "C_Free":  131,
        "C_Utilization":  18,
        "F_Total":  400,
        "F_Free":  324,
        "F_Utilization":  19
    },
    {
        "ServerName":  "SRV8353",
        "ServerStatus":  "Available",
        "Location":  "HAVERFORDWEST",
        "C_Total":  124,
        "C_Free":  94,
        "C_Utilization":  25,
        "F_Total":  435,
        "F_Free":  353,
        "F_Utilization":  19
    },
    {
        "ServerName":  "SRV8354",
        "ServerStatus":  "Available",
        "Location":  "EDINBURGH EXTRA",
        "C_Total":  200,
        "C_Free":  174,
        "C_Utilization":  13,
        "F_Total":  320,
        "F_Free":  259,
        "F_Utilization":  19
    },
    {
        "ServerName":  "SRV8355",
        "ServerStatus":  "Available",
        "Location":  "BOSTON",
        "C_Total":  59,
        "C_Free":  36,
        "C_Utilization":  39,
        "F_Total":  78,
        "F_Free":  20,
        "F_Utilization":  75
    },
    {
        "ServerName":  "SRV8357",
        "ServerStatus":  "Available",
        "Location":  "THETFORD",
        "C_Total":  56,
        "C_Free":  34,
        "C_Utilization":  40,
        "F_Total":  81,
        "F_Free":  18,
        "F_Utilization":  77
    },
    {
        "ServerName":  "SRV8359",
        "ServerStatus":  "Available",
        "Location":  "LICHFIELD",
        "C_Total":  60,
        "C_Free":  37,
        "C_Utilization":  38,
        "F_Total":  77,
        "F_Free":  21,
        "F_Utilization":  73
    },
    {
        "ServerName":  "SRV8360",
        "ServerStatus":  "Available",
        "Location":  "ASHBY DE LA ZOUCH",
        "C_Total":  0,
        "C_Free":  0,
        "C_Utilization":  0,
        "F_Total":  0,
        "F_Free":  0,
        "F_Utilization":  0
    },
    {
        "ServerName":  "SRV8361",
        "ServerStatus":  "Available",
        "Location":  "NEW MARKET",
        "C_Total":  160,
        "C_Free":  130,
        "C_Utilization":  19,
        "F_Total":  659,
        "F_Free":  598,
        "F_Utilization":  9
    },
    {
        "ServerName":  "SRV8364",
        "ServerStatus":  "Available",
        "Location":  "BULWELL",
        "C_Total":  50,
        "C_Free":  26,
        "C_Utilization":  49,
        "F_Total":  86,
        "F_Free":  28,
        "F_Utilization":  68
    },
    {
        "ServerName":  "SRV8365",
        "ServerStatus":  "Available",
        "Location":  "DUMFRIES",
        "C_Total":  128,
        "C_Free":  99,
        "C_Utilization":  23,
        "F_Total":  431,
        "F_Free":  357,
        "F_Utilization":  17
    },
    {
        "ServerName":  "SRV8366",
        "ServerStatus":  "Available",
        "Location":  "GLOSSOP",
        "C_Total":  60,
        "C_Free":  28,
        "C_Utilization":  53,
        "F_Total":  77,
        "F_Free":  21,
        "F_Utilization":  73
    },
    {
        "ServerName":  "SRV8367",
        "ServerStatus":  "Available",
        "Location":  "HEREFORD",
        "C_Total":  125,
        "C_Free":  99,
        "C_Utilization":  21,
        "F_Total":  434,
        "F_Free":  359,
        "F_Utilization":  17
    },
    {
        "ServerName":  "SRV8370",
        "ServerStatus":  "Available",
        "Location":  "PLUMSTEAD",
        "C_Total":  49,
        "C_Free":  23,
        "C_Utilization":  53,
        "F_Total":  88,
        "F_Free":  16,
        "F_Utilization":  81
    },
    {
        "ServerName":  "SRV8371",
        "ServerStatus":  "Available",
        "Location":  "READING",
        "C_Total":  44,
        "C_Free":  20,
        "C_Utilization":  54,
        "F_Total":  92,
        "F_Free":  31,
        "F_Utilization":  66
    },
    {
        "ServerName":  "SRV8372",
        "ServerStatus":  "Available",
        "Location":  "CHADWELL HEATH",
        "C_Total":  52,
        "C_Free":  22,
        "C_Utilization":  58,
        "F_Total":  85,
        "F_Free":  23,
        "F_Utilization":  73
    },
    {
        "ServerName":  "SRV8374",
        "ServerStatus":  "Available",
        "Location":  "OLDHAM",
        "C_Total":  57,
        "C_Free":  34,
        "C_Utilization":  40,
        "F_Total":  80,
        "F_Free":  24,
        "F_Utilization":  69
    },
    {
        "ServerName":  "SRV8377",
        "ServerStatus":  "Available",
        "Location":  "GLOUCESTER",
        "C_Total":  58,
        "C_Free":  35,
        "C_Utilization":  40,
        "F_Total":  79,
        "F_Free":  20,
        "F_Utilization":  74
    },
    {
        "ServerName":  "SRV8378",
        "ServerStatus":  "Available",
        "Location":  "CORBY",
        "C_Total":  156,
        "C_Free":  131,
        "C_Utilization":  16,
        "F_Total":  663,
        "F_Free":  601,
        "F_Utilization":  9
    },
    {
        "ServerName":  "SRV8381",
        "ServerStatus":  "Available",
        "Location":  "BRAINTREE",
        "C_Total":  52,
        "C_Free":  27,
        "C_Utilization":  47,
        "F_Total":  85,
        "F_Free":  21,
        "F_Utilization":  75
    },
    {
        "ServerName":  "SRV8382",
        "ServerStatus":  "Available",
        "Location":  "EAST GRINSTEAD",
        "C_Total":  54,
        "C_Free":  29,
        "C_Utilization":  47,
        "F_Total":  82,
        "F_Free":  25,
        "F_Utilization":  70
    },
    {
        "ServerName":  "SRV8385",
        "ServerStatus":  "Available",
        "Location":  "GUILDFORD",
        "C_Total":  43,
        "C_Free":  19,
        "C_Utilization":  56,
        "F_Total":  93,
        "F_Free":  33,
        "F_Utilization":  64
    },
    {
        "ServerName":  "SRV8388",
        "ServerStatus":  "Available",
        "Location":  "CROYDON COLO",
        "C_Total":  165,
        "C_Free":  140,
        "C_Utilization":  15,
        "F_Total":  654,
        "F_Free":  554,
        "F_Utilization":  15
    },
    {
        "ServerName":  "SRV8390",
        "ServerStatus":  "Available",
        "Location":  "CRAWLEY",
        "C_Total":  160,
        "C_Free":  135,
        "C_Utilization":  15,
        "F_Total":  659,
        "F_Free":  592,
        "F_Utilization":  10
    },
    {
        "ServerName":  "SRV8393",
        "ServerStatus":  "Available",
        "Location":  "WIGSTON",
        "C_Total":  200,
        "C_Free":  176,
        "C_Utilization":  12,
        "F_Total":  1032,
        "F_Free":  982,
        "F_Utilization":  5
    },
    {
        "ServerName":  "SRV8397",
        "ServerStatus":  "Available",
        "Location":  "WATFORD",
        "C_Total":  128,
        "C_Free":  106,
        "C_Utilization":  17,
        "F_Total":  400,
        "F_Free":  340,
        "F_Utilization":  15
    },
    {
        "ServerName":  "SRV8398",
        "ServerStatus":  "Available",
        "Location":  "LUTON",
        "C_Total":  50,
        "C_Free":  26,
        "C_Utilization":  49,
        "F_Total":  769,
        "F_Free":  686,
        "F_Utilization":  11
    },
    {
        "ServerName":  "SRV8399",
        "ServerStatus":  "Available",
        "Location":  "NORTHALLERTON",
        "C_Total":  156,
        "C_Free":  122,
        "C_Utilization":  22,
        "F_Total":  663,
        "F_Free":  601,
        "F_Utilization":  9
    },
    {
        "ServerName":  "SRV8404",
        "ServerStatus":  "Available",
        "Location":  "BURTON SOUTH",
        "C_Total":  57,
        "C_Free":  30,
        "C_Utilization":  48,
        "F_Total":  80,
        "F_Free":  18,
        "F_Utilization":  77
    },
    {
        "ServerName":  "SRV8406",
        "ServerStatus":  "Available",
        "Location":  "WORCESTER",
        "C_Total":  54,
        "C_Free":  27,
        "C_Utilization":  50,
        "F_Total":  82,
        "F_Free":  21,
        "F_Utilization":  74
    },
    {
        "ServerName":  "SRV8407",
        "ServerStatus":  "Available",
        "Location":  "TRURO",
        "C_Total":  124,
        "C_Free":  97,
        "C_Utilization":  22,
        "F_Total":  435,
        "F_Free":  335,
        "F_Utilization":  23
    },
    {
        "ServerName":  "SRV8409",
        "ServerStatus":  "Available",
        "Location":  "BRENTWOOD",
        "C_Total":  200,
        "C_Free":  176,
        "C_Utilization":  12,
        "F_Total":  400,
        "F_Free":  283,
        "F_Utilization":  29
    },
    {
        "ServerName":  "SRV8410",
        "ServerStatus":  "Available",
        "Location":  "GRAVESEND",
        "C_Total":  46,
        "C_Free":  21,
        "C_Utilization":  55,
        "F_Total":  90,
        "F_Free":  29,
        "F_Utilization":  68
    },
    {
        "ServerName":  "SRV8411",
        "ServerStatus":  "Available",
        "Location":  "SEVENOAKS",
        "C_Total":  54,
        "C_Free":  27,
        "C_Utilization":  49,
        "F_Total":  83,
        "F_Free":  27,
        "F_Utilization":  68
    },
    {
        "ServerName":  "SRV8412",
        "ServerStatus":  "Available",
        "Location":  "SHEFFIELD NORTH",
        "C_Total":  53,
        "C_Free":  28,
        "C_Utilization":  47,
        "F_Total":  84,
        "F_Free":  25,
        "F_Utilization":  70
    },
    {
        "ServerName":  "SRV8414",
        "ServerStatus":  "Available",
        "Location":  "EALING",
        "C_Total":  53,
        "C_Free":  26,
        "C_Utilization":  52,
        "F_Total":  84,
        "F_Free":  22,
        "F_Utilization":  74
    },
    {
        "ServerName":  "SRV8415",
        "ServerStatus":  "Available",
        "Location":  "MACCLESFIELD",
        "C_Total":  60,
        "C_Free":  34,
        "C_Utilization":  43,
        "F_Total":  77,
        "F_Free":  24,
        "F_Utilization":  69
    },
    {
        "ServerName":  "SRV8416",
        "ServerStatus":  "Available",
        "Location":  "STEVENAGE",
        "C_Total":  49,
        "C_Free":  26,
        "C_Utilization":  46,
        "F_Total":  88,
        "F_Free":  23,
        "F_Utilization":  74
    },
    {
        "ServerName":  "SRV8417",
        "ServerStatus":  "Available",
        "Location":  "STIRCHLEY",
        "C_Total":  124,
        "C_Free":  97,
        "C_Utilization":  21,
        "F_Total":  435,
        "F_Free":  358,
        "F_Utilization":  18
    },
    {
        "ServerName":  "SRV8428",
        "ServerStatus":  "Available",
        "Location":  "KINGS LYNN",
        "C_Total":  125,
        "C_Free":  102,
        "C_Utilization":  18,
        "F_Total":  434,
        "F_Free":  347,
        "F_Utilization":  20
    },
    {
        "ServerName":  "SRV8429",
        "ServerStatus":  "Available",
        "Location":  "MILTON KEYNES",
        "C_Total":  40,
        "C_Free":  14,
        "C_Utilization":  64,
        "F_Total":  97,
        "F_Free":  24,
        "F_Utilization":  75
    },
    {
        "ServerName":  "SRV8430",
        "ServerStatus":  "Available",
        "Location":  "SALISBURY",
        "C_Total":  60,
        "C_Free":  38,
        "C_Utilization":  37,
        "F_Total":  77,
        "F_Free":  18,
        "F_Utilization":  77
    },
    {
        "ServerName":  "SRV8431",
        "ServerStatus":  "Available",
        "Location":  "CHORLEY",
        "C_Total":  53,
        "C_Free":  28,
        "C_Utilization":  48,
        "F_Total":  84,
        "F_Free":  19,
        "F_Utilization":  78
    },
    {
        "ServerName":  "SRV8434",
        "ServerStatus":  "Available",
        "Location":  "WORKSOP",
        "C_Total":  60,
        "C_Free":  22,
        "C_Utilization":  64,
        "F_Total":  77,
        "F_Free":  20,
        "F_Utilization":  74
    },
    {
        "ServerName":  "SRV8436",
        "ServerStatus":  "Available",
        "Location":  "HALESOWEN",
        "C_Total":  138,
        "C_Free":  111,
        "C_Utilization":  19,
        "F_Total":  421,
        "F_Free":  352,
        "F_Utilization":  16
    },
    {
        "ServerName":  "SRV8437",
        "ServerStatus":  "Available",
        "Location":  "WOLVERHAMPTON",
        "C_Total":  54,
        "C_Free":  28,
        "C_Utilization":  49,
        "F_Total":  82,
        "F_Free":  20,
        "F_Utilization":  75
    },
    {
        "ServerName":  "SRV8441",
        "ServerStatus":  "Available",
        "Location":  "SOUTH SHIELDS",
        "C_Total":  53,
        "C_Free":  27,
        "C_Utilization":  48,
        "F_Total":  84,
        "F_Free":  21,
        "F_Utilization":  74
    },
    {
        "ServerName":  "SRV8443",
        "ServerStatus":  "Available",
        "Location":  "GRANTHAM",
        "C_Total":  61,
        "C_Free":  35,
        "C_Utilization":  42,
        "F_Total":  76,
        "F_Free":  19,
        "F_Utilization":  75
    },
    {
        "ServerName":  "SRV8444",
        "ServerStatus":  "Available",
        "Location":  "LITTLEHAMPTON",
        "C_Total":  121,
        "C_Free":  97,
        "C_Utilization":  20,
        "F_Total":  437,
        "F_Free":  340,
        "F_Utilization":  22
    },
    {
        "ServerName":  "SRV8448",
        "ServerStatus":  "Available",
        "Location":  "BURGESS HILL",
        "C_Total":  57,
        "C_Free":  31,
        "C_Utilization":  46,
        "F_Total":  80,
        "F_Free":  20,
        "F_Utilization":  75
    },
    {
        "ServerName":  "SRV8449",
        "ServerStatus":  "Available",
        "Location":  "MALDON",
        "C_Total":  46,
        "C_Free":  8,
        "C_Utilization":  82,
        "F_Total":  90,
        "F_Free":  22,
        "F_Utilization":  76
    },
    {
        "ServerName":  "SRV8451",
        "ServerStatus":  "Available",
        "Location":  "HAILSHAM",
        "C_Total":  200,
        "C_Free":  177,
        "C_Utilization":  12,
        "F_Total":  330,
        "F_Free":  258,
        "F_Utilization":  22
    },
    {
        "ServerName":  "SRV8452",
        "ServerStatus":  "Available",
        "Location":  "NUNEATON",
        "C_Total":  128,
        "C_Free":  104,
        "C_Utilization":  18,
        "F_Total":  350,
        "F_Free":  264,
        "F_Utilization":  24
    },
    {
        "ServerName":  "SRV8453",
        "ServerStatus":  "Available",
        "Location":  "HERTFORD",
        "C_Total":  54,
        "C_Free":  27,
        "C_Utilization":  50,
        "F_Total":  82,
        "F_Free":  21,
        "F_Utilization":  75
    },
    {
        "ServerName":  "SRV8454",
        "ServerStatus":  "Available",
        "Location":  "BEVERLEY",
        "C_Total":  150,
        "C_Free":  125,
        "C_Utilization":  16,
        "F_Total":  350,
        "F_Free":  278,
        "F_Utilization":  21
    },
    {
        "ServerName":  "SRV8455",
        "ServerStatus":  "Available",
        "Location":  "TUNSTALL",
        "C_Total":  56,
        "C_Free":  30,
        "C_Utilization":  47,
        "F_Total":  81,
        "F_Free":  17,
        "F_Utilization":  79
    },
    {
        "ServerName":  "SRV8456",
        "ServerStatus":  "Available",
        "Location":  "CHESHAM",
        "C_Total":  56,
        "C_Free":  30,
        "C_Utilization":  47,
        "F_Total":  80,
        "F_Free":  23,
        "F_Utilization":  71
    },
    {
        "ServerName":  "SRV8457",
        "ServerStatus":  "Available",
        "Location":  "BISHOPS STORTFORD",
        "C_Total":  128,
        "C_Free":  106,
        "C_Utilization":  17,
        "F_Total":  400,
        "F_Free":  335,
        "F_Utilization":  16
    },
    {
        "ServerName":  "SRV8458",
        "ServerStatus":  "Available",
        "Location":  "HINCKLEY",
        "C_Total":  44,
        "C_Free":  18,
        "C_Utilization":  60,
        "F_Total":  93,
        "F_Free":  21,
        "F_Utilization":  78
    },
    {
        "ServerName":  "SRV8459",
        "ServerStatus":  "Available",
        "Location":  "WINSFORD",
        "C_Total":  61,
        "C_Free":  18,
        "C_Utilization":  70,
        "F_Total":  76,
        "F_Free":  21,
        "F_Utilization":  73
    },
    {
        "ServerName":  "SRV8460",
        "ServerStatus":  "Available",
        "Location":  "RUSHDEN",
        "C_Total":  54,
        "C_Free":  27,
        "C_Utilization":  50,
        "F_Total":  82,
        "F_Free":  21,
        "F_Utilization":  74
    },
    {
        "ServerName":  "SRV8461",
        "ServerStatus":  "Available",
        "Location":  "WEST WICKHAM",
        "C_Total":  128,
        "C_Free":  104,
        "C_Utilization":  18,
        "F_Total":  430,
        "F_Free":  344,
        "F_Utilization":  20
    },
    {
        "ServerName":  "SRV8464",
        "ServerStatus":  "Available",
        "Location":  "HUNTINGDON",
        "C_Total":  57,
        "C_Free":  34,
        "C_Utilization":  41,
        "F_Total":  79,
        "F_Free":  27,
        "F_Utilization":  67
    },
    {
        "ServerName":  "SRV8465",
        "ServerStatus":  "Available",
        "Location":  "WINNERSH",
        "C_Total":  50,
        "C_Free":  24,
        "C_Utilization":  52,
        "F_Total":  86,
        "F_Free":  24,
        "F_Utilization":  72
    },
    {
        "ServerName":  "SRV8467",
        "ServerStatus":  "Available",
        "Location":  "BOREHAMWOOD",
        "C_Total":  58,
        "C_Free":  37,
        "C_Utilization":  36,
        "F_Total":  79,
        "F_Free":  22,
        "F_Utilization":  72
    },
    {
        "ServerName":  "SRV8468",
        "ServerStatus":  "Available",
        "Location":  "SHEFFIELD CRYSTAL PEAKS",
        "C_Total":  52,
        "C_Free":  27,
        "C_Utilization":  48,
        "F_Total":  85,
        "F_Free":  19,
        "F_Utilization":  78
    },
    {
        "ServerName":  "SRV8469",
        "ServerStatus":  "Available",
        "Location":  "GRIMSBY",
        "C_Total":  156,
        "C_Free":  131,
        "C_Utilization":  16,
        "F_Total":  663,
        "F_Free":  537,
        "F_Utilization":  19
    },
    {
        "ServerName":  "SRV8471",
        "ServerStatus":  "Available",
        "Location":  "YORK",
        "C_Total":  60,
        "C_Free":  34,
        "C_Utilization":  44,
        "F_Total":  77,
        "F_Free":  24,
        "F_Utilization":  69
    },
    {
        "ServerName":  "SRV8473",
        "ServerStatus":  "Available",
        "Location":  "HENDON",
        "C_Total":  30,
        "C_Free":  6,
        "C_Utilization":  81,
        "F_Total":  104,
        "F_Free":  40,
        "F_Utilization":  61
    },
    {
        "ServerName":  "SRV8474",
        "ServerStatus":  "Available",
        "Location":  "HEDGE END",
        "C_Total":  45,
        "C_Free":  22,
        "C_Utilization":  52,
        "F_Total":  92,
        "F_Free":  29,
        "F_Utilization":  68
    },
    {
        "ServerName":  "SRV8475",
        "ServerStatus":  "Available",
        "Location":  "ALTON",
        "C_Total":  160,
        "C_Free":  137,
        "C_Utilization":  15,
        "F_Total":  1068,
        "F_Free":  1007,
        "F_Utilization":  6
    },
    {
        "ServerName":  "SRV8479",
        "ServerStatus":  "Available",
        "Location":  "FOLKESTONE",
        "C_Total":  52,
        "C_Free":  29,
        "C_Utilization":  44,
        "F_Total":  85,
        "F_Free":  23,
        "F_Utilization":  72
    },
    {
        "ServerName":  "SRV8480",
        "ServerStatus":  "Available",
        "Location":  "ANERLEY",
        "C_Total":  168,
        "C_Free":  146,
        "C_Utilization":  13,
        "F_Total":  1060,
        "F_Free":  970,
        "F_Utilization":  8
    },
    {
        "ServerName":  "SRV8481",
        "ServerStatus":  "Available",
        "Location":  "Christchurch",
        "C_Total":  160,
        "C_Free":  132,
        "C_Utilization":  17,
        "F_Total":  1068,
        "F_Free":  996,
        "F_Utilization":  7
    },
    {
        "ServerName":  "SRV8482",
        "ServerStatus":  "Available",
        "Location":  "Sutton",
        "C_Total":  155,
        "C_Free":  131,
        "C_Utilization":  15,
        "F_Total":  1103,
        "F_Free":  1029,
        "F_Utilization":  7
    },
    {
        "ServerName":  "SRV8483",
        "ServerStatus":  "Available",
        "Location":  "Shipley",
        "C_Total":  100,
        "C_Free":  69,
        "C_Utilization":  31,
        "F_Total":  720,
        "F_Free":  636,
        "F_Utilization":  12
    },
    {
        "ServerName":  "SRV8484",
        "ServerStatus":  "Available",
        "Location":  "TUNBRIDGE WELLS",
        "C_Total":  161,
        "C_Free":  140,
        "C_Utilization":  13,
        "F_Total":  658,
        "F_Free":  582,
        "F_Utilization":  11
    },
    {
        "ServerName":  "SRV8485",
        "ServerStatus":  "Available",
        "Location":  "Winchester",
        "C_Total":  160,
        "C_Free":  138,
        "C_Utilization":  14,
        "F_Total":  659,
        "F_Free":  586,
        "F_Utilization":  11
    },
    {
        "ServerName":  "SRV8486",
        "ServerStatus":  "Available",
        "Location":  "MIDSOMER NORTON",
        "C_Total":  300,
        "C_Free":  272,
        "C_Utilization":  9,
        "F_Total":  500,
        "F_Free":  408,
        "F_Utilization":  18
    },
    {
        "ServerName":  "SRV8488",
        "ServerStatus":  "Available",
        "Location":  "RUGBY",
        "C_Total":  165,
        "C_Free":  141,
        "C_Utilization":  15,
        "F_Total":  654,
        "F_Free":  596,
        "F_Utilization":  9
    },
    {
        "ServerName":  "SRV8492",
        "ServerStatus":  "Available",
        "Location":  "BOGNOR REGIS",
        "C_Total":  156,
        "C_Free":  132,
        "C_Utilization":  15,
        "F_Total":  663,
        "F_Free":  605,
        "F_Utilization":  9
    },
    {
        "ServerName":  "SRV8493",
        "ServerStatus":  "Available",
        "Location":  "STOWMARKET",
        "C_Total":  152,
        "C_Free":  128,
        "C_Utilization":  16,
        "F_Total":  667,
        "F_Free":  593,
        "F_Utilization":  11
    },
    {
        "ServerName":  "SRV8494",
        "ServerStatus":  "Available",
        "Location":  "LOUGHTON",
        "C_Total":  151,
        "C_Free":  125,
        "C_Utilization":  17,
        "F_Total":  668,
        "F_Free":  601,
        "F_Utilization":  10
    },
    {
        "ServerName":  "SRV8495",
        "ServerStatus":  "Available",
        "Location":  "NEWBURY",
        "C_Total":  150,
        "C_Free":  124,
        "C_Utilization":  18,
        "F_Total":  398,
        "F_Free":  317,
        "F_Utilization":  20
    },
    {
        "ServerName":  "SRV8497",
        "ServerStatus":  "Available",
        "Location":  "LEEDS ROUNDHAY",
        "C_Total":  50,
        "C_Free":  22,
        "C_Utilization":  55,
        "F_Total":  769,
        "F_Free":  710,
        "F_Utilization":  8
    },
    {
        "ServerName":  "SRV8498",
        "ServerStatus":  "Available",
        "Location":  "NORWICH",
        "C_Total":  158,
        "C_Free":  132,
        "C_Utilization":  16,
        "F_Total":  661,
        "F_Free":  584,
        "F_Utilization":  12
    },
    {
        "ServerName":  "SRV8500",
        "ServerStatus":  "Available",
        "Location":  "WELWYN GC",
        "C_Total":  152,
        "C_Free":  128,
        "C_Utilization":  16,
        "F_Total":  667,
        "F_Free":  604,
        "F_Utilization":  9
    },
    {
        "ServerName":  "SRV8501",
        "ServerStatus":  "Available",
        "Location":  "CARDIFF NEWPORT",
        "C_Total":  128,
        "C_Free":  106,
        "C_Utilization":  17,
        "F_Total":  400,
        "F_Free":  341,
        "F_Utilization":  15
    },
    {
        "ServerName":  "SRV8510",
        "ServerStatus":  "Available",
        "Location":  "STAINES",
        "C_Total":  151,
        "C_Free":  123,
        "C_Utilization":  18,
        "F_Total":  668,
        "F_Free":  606,
        "F_Utilization":  9
    },
    {
        "ServerName":  "SRV8520",
        "ServerStatus":  "Available",
        "Location":  "THURMASTON",
        "C_Total":  152,
        "C_Free":  128,
        "C_Utilization":  16,
        "F_Total":  686,
        "F_Free":  620,
        "F_Utilization":  10
    },
    {
        "ServerName":  "SRV8565",
        "ServerStatus":  "Available",
        "Location":  "Bolton",
        "C_Total":  50,
        "C_Free":  23,
        "C_Utilization":  54,
        "F_Total":  769,
        "F_Free":  635,
        "F_Utilization":  17
    },
    {
        "ServerName":  "SRV8566",
        "ServerStatus":  "Available",
        "Location":  "CHELMSLFORD",
        "C_Total":  50,
        "C_Free":  25,
        "C_Utilization":  51,
        "F_Total":  769,
        "F_Free":  709,
        "F_Utilization":  8
    },
    {
        "ServerName":  "SRV8714",
        "ServerStatus":  "Available",
        "Location":  "Sunderland",
        "C_Total":  50,
        "C_Free":  21,
        "C_Utilization":  58,
        "F_Total":  769,
        "F_Free":  716,
        "F_Utilization":  7
    },
    {
        "ServerName":  "SRV8719",
        "ServerStatus":  "Available",
        "Location":  "SOUTHPORT K\u0026B",
        "C_Total":  64,
        "C_Free":  40,
        "C_Utilization":  37,
        "F_Total":  73,
        "F_Free":  17,
        "F_Utilization":  77
    },
    {
        "ServerName":  "SRV8728",
        "ServerStatus":  "Available",
        "Location":  "MUSWELL HILL K\u0026B",
        "C_Total":  60,
        "C_Free":  36,
        "C_Utilization":  41,
        "F_Total":  74,
        "F_Free":  25,
        "F_Utilization":  66
    },
    {
        "ServerName":  "SRV8549",
        "ServerStatus":  "Available",
        "Location":  "TORQUAY",
        "C_Total":  300,
        "C_Free":  277,
        "C_Utilization":  8,
        "F_Total":  450,
        "F_Free":  379,
        "F_Utilization":  16
    },
    {
        "ServerName":  "SRV8571",
        "ServerStatus":  "Available",
        "Location":  "WIDNES",
        "C_Total":  250,
        "C_Free":  224,
        "C_Utilization":  10,
        "F_Total":  450,
        "F_Free":  372,
        "F_Utilization":  17
    },
    {
        "ServerName":  "SRV8585",
        "ServerStatus":  "Available",
        "Location":  "LONG EATON",
        "C_Total":  200,
        "C_Free":  175,
        "C_Utilization":  12,
        "F_Total":  800,
        "F_Free":  735,
        "F_Utilization":  8
    },
    {
        "ServerName":  "SRV8573",
        "ServerStatus":  "Available",
        "Location":  "DURHAM",
        "C_Total":  200,
        "C_Free":  177,
        "C_Utilization":  12,
        "F_Total":  720,
        "F_Free":  654,
        "F_Utilization":  9
    },
    {
        "ServerName":  "SRV8587",
        "ServerStatus":  "Available",
        "Location":  "ABERDEEN",
        "C_Total":  50,
        "C_Free":  27,
        "C_Utilization":  46,
        "F_Total":  496,
        "F_Free":  428,
        "F_Utilization":  14
    },
    {
        "ServerName":  "SRV8275",
        "ServerStatus":  "Available",
        "Location":  "TROWBRIDGE",
        "C_Total":  128,
        "C_Free":  84,
        "C_Utilization":  34,
        "F_Total":  400,
        "F_Free":  320,
        "F_Utilization":  20
    },
    {
        "ServerName":  "SRV8586",
        "ServerStatus":  "Available",
        "Location":  "LEAMINGTON SPA",
        "C_Total":  150,
        "C_Free":  126,
        "C_Utilization":  16,
        "F_Total":  350,
        "F_Free":  257,
        "F_Utilization":  27
    }
]
