[ { "ServerName": "SRV8321", "Location": "ANDOVER", "HardwareModel": "ProLiant ML310 G5 ", "DiskStatus": 0, "Errors": "physicaldrive 1I:1:4 (port 1I:box 1:bay 4, SAS, 300 GB, Failed, spare)" }, { "ServerName": "SRV8342", "Location": "SWINDON EXTRA", "HardwareModel": "ProLiant ML310 G5p ", "DiskStatus": 0, "Errors": "physicaldrive 2I:1:3 (port 2I:box 1:bay 3, SAS, 300 GB, Predictive Failure)" }, { "ServerName": "SRV8008", "Location": "JBrand", "HardwareModel": "ProLiant ML350 G6", "DiskStatus": 1, "Errors": "No Errors" }, { "ServerName": "SRV8037", "Location": "BRIDGWATER", "HardwareModel": "ProLiant ML350e Gen8", "DiskStatus": 1, "Errors": "No Errors" }, { "ServerName": "SRV8041", "Location": "WISBECH", "HardwareModel": "ProLiant ML350e Gen8 v2", "DiskStatus": 1, "Errors": "No Errors" }, { "ServerName": "SRV8044", "Location": "Martlesham Heath", "HardwareModel": "ProLiant ML350e Gen8 v2", "DiskStatus": 1, "Errors": "No Errors" }, { "ServerName": "SRV8048", "Location": "TAUNTON", "HardwareModel": "ProLiant ML350e Gen8 v2", "DiskStatus": 1, "Errors": "No Errors" }, { "ServerName": "SRV8049", "Location": "FARNBOROUGH", "HardwareModel": "ProLiant ML350e Gen8 v2", "DiskStatus": 1, "Errors": "No Errors" }, { "ServerName": "SRV8053", "Location": "HULL", "HardwareModel": "ProLiant ML310 G5p ", "DiskStatus": 1, "Errors": "No Errors" }, { "ServerName": "SRV8055", "Location": "BRADFORD", "HardwareModel": "ProLiant ML350 G6", "DiskStatus": 1, "Errors": "No Errors" }, { "ServerName": "SRV8059", "Location": "WIMBLEDON", "HardwareModel": "ProLiant ML350 G6", "DiskStatus": 1, "Errors": "No Errors" }, { "ServerName": "SRV8061", "Location": "LINCOLN", "HardwareModel": "ProLiant ML350 G6", "DiskStatus": 1, "Errors": "No Errors" }, { "ServerName": "SRV8062", "Location": "DUNSTABLE", "HardwareModel": "ProLiant ML350 G6", "DiskStatus": 1, "Errors": "No Errors" }, { "ServerName": "SRV8064", "Location": "SCUNTHORPE", "HardwareModel": "ProLiant ML310 G5 ", "DiskStatus": 1, "Errors": "No Errors" }, { "ServerName": "SRV8065", "Location": "ROTHERHAM", "HardwareModel": "ProLiant ML310 G5p ", "DiskStatus": 1, "Errors": "No Errors" }, { "ServerName": "SRV8066", "Location": "DEWSBURY", "HardwareModel": "ProLiant ML350 G6", "DiskStatus": 1, "Errors": "No Errors" }, { "ServerName": "SRV8067", "Location": "SUTTON IN ASHFIELD", "HardwareModel": "ProLiant ML310 G5 ", "DiskStatus": 1, "Errors": "No Errors" }, { "ServerName": "SRV8071", "Location": "NOTTINGHAM CENTRAL", "HardwareModel": "ProLiant ML350 G6", "DiskStatus": 1, "Errors": "No Errors" }, { "ServerName": "SRV8072", "Location": "CRICKLEWOOD", "HardwareModel": "ProLiant ML350 G6", "DiskStatus": 1, "Errors": "No Errors" }, { "ServerName": "SRV8074", "Location": "CHELTENHAM", "HardwareModel": "ProLiant ML310 G5p ", "DiskStatus": 1, "Errors": "No Errors" }, { "ServerName": "SRV8075", "Location": "COVENTRY", "HardwareModel": "ProLiant ML310 G5 ", "DiskStatus": 1, "Errors": "No Errors" }, { "ServerName": "SRV8076", "Location": "E-STORE", "HardwareModel": "ProLiant ML310 G5 ", "DiskStatus": 1, "Errors": "No Errors" }, { "ServerName": "SRV8077", "Location": "BRISTOL", "HardwareModel": "ProLiant ML310 G5p ", "DiskStatus": 1, "Errors": "No Errors" }, { "ServerName": "SRV8078", "Location": "RUISLIP", "HardwareModel": "ProLiant ML310 G5 ", "DiskStatus": 1, "Errors": "No Errors" }, { "ServerName": "SRV8079", "Location": "DERBY", "HardwareModel": "ProLiant ML310 G5 ", "DiskStatus": 1, "Errors": "No Errors" }, { "ServerName": "SRV8080", "Location": "WOKING", "HardwareModel": "ProLiant ML310 G5 ", "DiskStatus": 1, "Errors": "No Errors" }, { "ServerName": "SRV8081", "Location": "STOCKPORT", "HardwareModel": "ProLiant ML310 G5 ", "DiskStatus": 1, "Errors": "No Errors" }, { "ServerName": "SRV8082", "Location": "RAYLEIGH", "HardwareModel": "ProLiant ML310 G5 ", "DiskStatus": 1, "Errors": "No Errors" }, { "ServerName": "SRV8083", "Location": "CATFORD", "HardwareModel": "ProLiant ML310 G5 ", "DiskStatus": 1, "Errors": "No Errors" }, { "ServerName": "SRV8088", "Location": "PUDSEY", "HardwareModel": "ProLiant ML310 G5p ", "DiskStatus": 1, "Errors": "No Errors" }, { "ServerName": "SRV8090", "Location": "ASHFORD", "HardwareModel": "ProLiant ML350 G6", "DiskStatus": 1, "Errors": "No Errors" }, { "ServerName": "SRV8091", "Location": "TOTTENHAM", "HardwareModel": "ProLiant ML310 G5p ", "DiskStatus": 1, "Errors": "No Errors" }, { "ServerName": "SRV8093", "Location": "DARTFORD", "HardwareModel": "ProLiant ML350 G6", "DiskStatus": 1, "Errors": "No Errors" }, { "ServerName": "SRV8096", "Location": "HEMEL HEMPSTEAD", "HardwareModel": "ProLiant ML350 G6", "DiskStatus": 1, "Errors": "No Errors" }, { "ServerName": "SRV8097", "Location": "SHEFFIELD", "HardwareModel": "ProLiant ML350 G6", "DiskStatus": 1, "Errors": "No Errors" }, { "ServerName": "SRV8208", "Location": "CANNING TOWN", "HardwareModel": "ProLiant ML310 G5 ", "DiskStatus": 1, "Errors": "No Errors" }, { "ServerName": "SRV8209", "Location": "PETERBOROUGH", "HardwareModel": "ProLiant ML310 G5 ", "DiskStatus": 1, "Errors": "No Errors" }, { "ServerName": "SRV8214", "Location": "MERTON", "HardwareModel": "ProLiant ML310 G5 ", "DiskStatus": 1, "Errors": "No Errors" }, { "ServerName": "SRV8215", "Location": "CROYDON", "HardwareModel": "ProLiant ML350 G6", "DiskStatus": 1, "Errors": "No Errors" }, { "ServerName": "SRV8216", "Location": "HANDSWORTH", "HardwareModel": "ProLiant ML310 G5 ", "DiskStatus": 1, "Errors": "No Errors" }, { "ServerName": "SRV8220", "Location": "REDDITCH", "HardwareModel": "ProLiant ML310 G5p ", "DiskStatus": 1, "Errors": "No Errors" }, { "ServerName": "SRV8221", "Location": "WORTHING", "HardwareModel": "ProLiant ML310 G5p ", "DiskStatus": 1, "Errors": "No Errors" }, { "ServerName": "SRV8222", "Location": "HAYES", "HardwareModel": "ProLiant ML350 G6", "DiskStatus": 1, "Errors": "No Errors" }, { "ServerName": "SRV8225", "Location": "MINWORTH", "HardwareModel": "ProLiant ML350 G6", "DiskStatus": 1, "Errors": "No Errors" }, { "ServerName": "SRV8226", "Location": "STOCKTON", "HardwareModel": "ProLiant ML350 G6", "DiskStatus": 1, "Errors": "No Errors" }, { "ServerName": "SRV8227", "Location": "WATERLOOVILLE", "HardwareModel": "ProLiant ML350 G6", "DiskStatus": 1, "Errors": "No Errors" }, { "ServerName": "SRV8228", "Location": "FAREHAM", "HardwareModel": "ProLiant ML310 G5 ", "DiskStatus": 1, "Errors": "No Errors" }, { "ServerName": "SRV8229", "Location": "WALLSEND", "HardwareModel": "ProLiant ML310 G5p ", "DiskStatus": 1, "Errors": "No Errors" }, { "ServerName": "SRV8230", "Location": "BRIGHTON", "HardwareModel": "ProLiant ML310 G5 ", "DiskStatus": 1, "Errors": "No Errors" }, { "ServerName": "SRV8231", "Location": "STOKE", "HardwareModel": "ProLiant ML310 G5 ", "DiskStatus": 1, "Errors": "No Errors" }, { "ServerName": "SRV8233", "Location": "CHATHAM", "HardwareModel": "ProLiant ML310 G5p ", "DiskStatus": 1, "Errors": "No Errors" }, { "ServerName": "SRV8234", "Location": "OXFORD", "HardwareModel": "ProLiant ML310 G5p ", "DiskStatus": 1, "Errors": "No Errors" }, { "ServerName": "SRV8235", "Location": "HALL GREEN", "HardwareModel": "ProLiant ML310 G5p ", "DiskStatus": 1, "Errors": "No Errors" }, { "ServerName": "SRV8236", "Location": "CLIFTON", "HardwareModel": "ProLiant ML350 G6", "DiskStatus": 1, "Errors": "No Errors" }, { "ServerName": "SRV8237", "Location": "HANGER LANE", "HardwareModel": "ProLiant ML350 G6", "DiskStatus": 1, "Errors": "No Errors" }, { "ServerName": "SRV8238", "Location": "ST. ALBANS", "HardwareModel": "ProLiant ML310 G5p ", "DiskStatus": 1, "Errors": "No Errors" }, { "ServerName": "SRV8239", "Location": "DONCASTER", "HardwareModel": "ProLiant ML310 G5 ", "DiskStatus": 1, "Errors": "No Errors" }, { "ServerName": "SRV8240", "Location": "DORKING", "HardwareModel": "ProLiant ML310 G5p ", "DiskStatus": 1, "Errors": "No Errors" }, { "ServerName": "SRV8243", "Location": "WALTHAM CROSS", "HardwareModel": "ProLiant ML310 G5 ", "DiskStatus": 1, "Errors": "No Errors" }, { "ServerName": "SRV8246", "Location": "BOURNEMOUTH", "HardwareModel": "ProLiant ML310 G5p ", "DiskStatus": 1, "Errors": "No Errors" }, { "ServerName": "SRV8247", "Location": "BARNSLEY", "HardwareModel": "ProLiant ML310 G5 ", "DiskStatus": 1, "Errors": "No Errors" }, { "ServerName": "SRV8248", "Location": "PERTH", "HardwareModel": "ProLiant ML310 G5 ", "DiskStatus": 1, "Errors": "No Errors" }, { "ServerName": "SRV8250", "Location": "CREWE", "HardwareModel": "ProLiant ML350 G6", "DiskStatus": 1, "Errors": "No Errors" }, { "ServerName": "SRV8251", "Location": "LANCASTER", "HardwareModel": "ProLiant ML310 G5 ", "DiskStatus": 1, "Errors": "No Errors" }, { "ServerName": "SRV8252", "Location": "DUDLEY", "HardwareModel": "ProLiant ML310 G5 ", "DiskStatus": 1, "Errors": "No Errors" }, { "ServerName": "SRV8253", "Location": "CARLISLE", "HardwareModel": "ProLiant ML310 G5p ", "DiskStatus": 1, "Errors": "No Errors" }, { "ServerName": "SRV8256", "Location": "BARNSTAPLE", "HardwareModel": "ProLiant ML310 G5p ", "DiskStatus": 1, "Errors": "No Errors" }, { "ServerName": "SRV8257", "Location": "NOTTINGHAM NORTH", "HardwareModel": "ProLiant ML310 G5 ", "DiskStatus": 1, "Errors": "No Errors" }, { "ServerName": "SRV8258", "Location": "DUNDEE", "HardwareModel": "ProLiant ML310 G5p ", "DiskStatus": 1, "Errors": "No Errors" }, { "ServerName": "SRV8260", "Location": "HANWORTH", "HardwareModel": "ProLiant ML310 G5 ", "DiskStatus": 1, "Errors": "No Errors" }, { "ServerName": "SRV8261", "Location": "CANNOCK", "HardwareModel": "ProLiant ML310 G5 ", "DiskStatus": 1, "Errors": "No Errors" }, { "ServerName": "SRV8262", "Location": "CHESTER", "HardwareModel": "ProLiant ML310 G5 ", "DiskStatus": 1, "Errors": "No Errors" }, { "ServerName": "SRV8263", "Location": "HUDDERSFIELD", "HardwareModel": "ProLiant ML310 G5 ", "DiskStatus": 1, "Errors": "No Errors" }, { "ServerName": "SRV8264", "Location": "BEDFORD", "HardwareModel": "ProLiant ML310 G5 ", "DiskStatus": 1, "Errors": "No Errors" }, { "ServerName": "SRV8265", "Location": "EASTBOURNE", "HardwareModel": "ProLiant ML310 G5 ", "DiskStatus": 1, "Errors": "No Errors" }, { "ServerName": "SRV8267", "Location": "PONTEFRACT", "HardwareModel": "ProLiant ML310 G5 ", "DiskStatus": 1, "Errors": "No Errors" }, { "ServerName": "SRV8268", "Location": "SHREWSBURY", "HardwareModel": "ProLiant ML310 G5 ", "DiskStatus": 1, "Errors": "No Errors" }, { "ServerName": "SRV8270", "Location": "LETCHWORTH", "HardwareModel": "ProLiant ML310 G5 ", "DiskStatus": 1, "Errors": "No Errors" }, { "ServerName": "SRV8271", "Location": "BRIDGEND", "HardwareModel": "ProLiant ML310 G5p ", "DiskStatus": 1, "Errors": "No Errors" }, { "ServerName": "SRV8273", "Location": "PRESTON", "HardwareModel": "ProLiant ML350 G6", "DiskStatus": 1, "Errors": "No Errors" }, { "ServerName": "SRV8274", "Location": "YEOVIL", "HardwareModel": "ProLiant ML310 G5p ", "DiskStatus": 1, "Errors": "No Errors" }, { "ServerName": "SRV8275", "Location": "TROWBRIDGE", "HardwareModel": "ProLiant ML350 G6", "DiskStatus": 1, "Errors": "No Errors" }, { "ServerName": "SRV8276", "Location": "AINTREE", "HardwareModel": "ProLiant ML310 G5 ", "DiskStatus": 1, "Errors": "No Errors" }, { "ServerName": "SRV8277", "Location": "BANBURY", "HardwareModel": "ProLiant ML310 G5p ", "DiskStatus": 1, "Errors": "No Errors" }, { "ServerName": "SRV8279", "Location": "BLETCHLEY", "HardwareModel": "ProLiant ML350 G6", "DiskStatus": 1, "Errors": "No Errors" }, { "ServerName": "SRV8281", "Location": "BLACKHEATH", "HardwareModel": "ProLiant ML350 G6", "DiskStatus": 1, "Errors": "No Errors" }, { "ServerName": "SRV8282", "Location": "STIRLING", "HardwareModel": "ProLiant ML310 G5 ", "DiskStatus": 1, "Errors": "No Errors" }, { "ServerName": "SRV8283", "Location": "CHESTERFIELD", "HardwareModel": "ProLiant ML310 G5 ", "DiskStatus": 1, "Errors": "No Errors" }, { "ServerName": "SRV8284", "Location": "BURY", "HardwareModel": "ProLiant ML310 G5 ", "DiskStatus": 1, "Errors": "No Errors" }, { "ServerName": "SRV8287", "Location": "COLCHESTER", "HardwareModel": "ProLiant ML350e Gen8", "DiskStatus": 1, "Errors": "No Errors" }, { "ServerName": "SRV8290", "Location": "NEWPORT", "HardwareModel": "ProLiant ML310 G5p ", "DiskStatus": 1, "Errors": "No Errors" }, { "ServerName": "SRV8291", "Location": "BAGULEY", "HardwareModel": "ProLiant ML350 G6", "DiskStatus": 1, "Errors": "No Errors" }, { "ServerName": "SRV8292", "Location": "PLYMOUTH", "HardwareModel": "ProLiant ML350 G6", "DiskStatus": 1, "Errors": "No Errors" }, { "ServerName": "SRV8293", "Location": "NORTHAMPTON", "HardwareModel": "ProLiant ML310 G5 ", "DiskStatus": 1, "Errors": "No Errors" }, { "ServerName": "SRV8295", "Location": "INVERNESS", "HardwareModel": "ProLiant ML310 G5p ", "DiskStatus": 1, "Errors": "No Errors" }, { "ServerName": "SRV8296", "Location": "BLACKPOOL", "HardwareModel": "ProLiant ML310 G5 ", "DiskStatus": 1, "Errors": "No Errors" }, { "ServerName": "SRV8297", "Location": "BARKING EXTRA", "HardwareModel": "ProLiant ML350 G6", "DiskStatus": 1, "Errors": "No Errors" }, { "ServerName": "SRV8298", "Location": "BIRKENHEAD", "HardwareModel": "ProLiant ML310 G5 ", "DiskStatus": 1, "Errors": "No Errors" }, { "ServerName": "SRV8299", "Location": "STAFFORD", "HardwareModel": "ProLiant ML350 G6", "DiskStatus": 1, "Errors": "No Errors" }, { "ServerName": "SRV8301", "Location": "WARRINGTON", "HardwareModel": "ProLiant ML310 G5 ", "DiskStatus": 1, "Errors": "No Errors" }, { "ServerName": "SRV8303", "Location": "HALIFAX", "HardwareModel": "ProLiant ML310 G5p ", "DiskStatus": 1, "Errors": "No Errors" }, { "ServerName": "SRV8308", "Location": "WREXHAM", "HardwareModel": "ProLiant ML310 G5 ", "DiskStatus": 1, "Errors": "No Errors" }, { "ServerName": "SRV8309", "Location": "EPSOM", "HardwareModel": "ProLiant ML350 G6", "DiskStatus": 1, "Errors": "No Errors" }, { "ServerName": "SRV8310", "Location": "ERITH", "HardwareModel": "ProLiant ML350 G6", "DiskStatus": 1, "Errors": "No Errors" }, { "ServerName": "SRV8312", "Location": "BRACKNELL", "HardwareModel": "ProLiant ML310 G5p ", "DiskStatus": 1, "Errors": "No Errors" }, { "ServerName": "SRV8313", "Location": "HIGH WYCOMBE", "HardwareModel": "ProLiant ML350 G6", "DiskStatus": 1, "Errors": "No Errors" }, { "ServerName": "SRV8314", "Location": "MAIDSTONE EXTRA", "HardwareModel": "ProLiant ML310 G5 ", "DiskStatus": 1, "Errors": "No Errors" }, { "ServerName": "SRV8316", "Location": "AYLESBURY EXTRA", "HardwareModel": "ProLiant ML310 G5 ", "DiskStatus": 1, "Errors": "No Errors" }, { "ServerName": "SRV8317", "Location": "LOWESTOFT", "HardwareModel": "ProLiant ML350 G6", "DiskStatus": 1, "Errors": "No Errors" }, { "ServerName": "SRV8318", "Location": "BICESTER", "HardwareModel": "ProLiant ML310 G5p ", "DiskStatus": 1, "Errors": "No Errors" }, { "ServerName": "SRV8319", "Location": "BEXHILL", "HardwareModel": "ProLiant ML310 G5 ", "DiskStatus": 1, "Errors": "No Errors" }, { "ServerName": "SRV8320", "Location": "SITTINGBOURNE", "HardwareModel": "ProLiant ML310 G5p ", "DiskStatus": 1, "Errors": "No Errors" }, { "ServerName": "SRV8322", "Location": "EDMONTON EXTRA", "HardwareModel": "ProLiant ML310 G5 ", "DiskStatus": 1, "Errors": "No Errors" }, { "ServerName": "SRV8323", "Location": "SWANSEA EXTRA", "HardwareModel": "ProLiant ML310 G5p ", "DiskStatus": 1, "Errors": "No Errors" }, { "ServerName": "SRV8326", "Location": "KETTERING EXTRA", "HardwareModel": "ProLiant ML310 G5 ", "DiskStatus": 1, "Errors": "No Errors" }, { "ServerName": "SRV8327", "Location": "WAKEFIELD", "HardwareModel": "ProLiant ML310 G5 ", "DiskStatus": 1, "Errors": "No Errors" }, { "ServerName": "SRV8328", "Location": "SOUTHAMPTON EXTRA", "HardwareModel": "ProLiant ML310 G5p ", "DiskStatus": 1, "Errors": "No Errors" }, { "ServerName": "SRV8329", "Location": "WESTON SUPER MARE", "HardwareModel": "ProLiant ML310 G5p ", "DiskStatus": 1, "Errors": "No Errors" }, { "ServerName": "SRV8331", "Location": "TAMWORTH", "HardwareModel": "ProLiant ML310 G5 ", "DiskStatus": 1, "Errors": "No Errors" }, { "ServerName": "SRV8332", "Location": "BASINGSTOKE", "HardwareModel": "ProLiant ML310 G5 ", "DiskStatus": 1, "Errors": "No Errors" }, { "ServerName": "SRV8334", "Location": "PERRY BAR EXTRA", "HardwareModel": "ProLiant ML310 G5 ", "DiskStatus": 1, "Errors": "No Errors" }, { "ServerName": "SRV8336", "Location": "EXETER", "HardwareModel": "ProLiant ML310 G5p ", "DiskStatus": 1, "Errors": "No Errors" }, { "ServerName": "SRV8337", "Location": "HARLOW EXTRA", "HardwareModel": "ProLiant ML350 G6", "DiskStatus": 1, "Errors": "No Errors" }, { "ServerName": "SRV8338", "Location": "HAVANT EXTRA", "HardwareModel": "ProLiant ML310 G5 ", "DiskStatus": 1, "Errors": "No Errors" }, { "ServerName": "SRV8340", "Location": "SLOUGH", "HardwareModel": "ProLiant ML310 G5 ", "DiskStatus": 1, "Errors": "No Errors" }, { "ServerName": "SRV8343", "Location": "TELFORD", "HardwareModel": "ProLiant ML310 G5p ", "DiskStatus": 1, "Errors": "No Errors" }, { "ServerName": "SRV8344", "Location": "BROADSTAIRS EXTRA", "HardwareModel": "ProLiant ML310 G5p ", "DiskStatus": 1, "Errors": "No Errors" }, { "ServerName": "SRV8347", "Location": "CAERPHILLY", "HardwareModel": "ProLiant ML310 G5p ", "DiskStatus": 1, "Errors": "No Errors" }, { "ServerName": "SRV8348", "Location": "NEWCASTLE EXTRA", "HardwareModel": "ProLiant ML310 G5 ", "DiskStatus": 1, "Errors": "No Errors" }, { "ServerName": "SRV8349", "Location": "CHIPPENHAM", "HardwareModel": "ProLiant ML350 G6", "DiskStatus": 1, "Errors": "No Errors" }, { "ServerName": "SRV8350", "Location": "IPSWICH", "HardwareModel": "ProLiant ML310 G5 ", "DiskStatus": 1, "Errors": "No Errors" }, { "ServerName": "SRV8351", "Location": "Cirencester", "HardwareModel": "ProLiant ML350e Gen8", "DiskStatus": 1, "Errors": "No Errors" }, { "ServerName": "SRV8352", "Location": "GLASGOW", "HardwareModel": "ProLiant ML310 G5p ", "DiskStatus": 1, "Errors": "No Errors" }, { "ServerName": "SRV8353", "Location": "HAVERFORDWEST", "HardwareModel": "ProLiant ML310 G5p ", "DiskStatus": 1, "Errors": "No Errors" }, { "ServerName": "SRV8354", "Location": "EDINBURGH EXTRA", "HardwareModel": "ProLiant ML350 G6", "DiskStatus": 1, "Errors": "No Errors" }, { "ServerName": "SRV8355", "Location": "BOSTON", "HardwareModel": "ProLiant ML310 G5 ", "DiskStatus": 1, "Errors": "No Errors" }, { "ServerName": "SRV8357", "Location": "THETFORD", "HardwareModel": "ProLiant ML310 G5 ", "DiskStatus": 1, "Errors": "No Errors" }, { "ServerName": "SRV8359", "Location": "LICHFIELD", "HardwareModel": "ProLiant ML350 G6", "DiskStatus": 1, "Errors": "No Errors" }, { "ServerName": "SRV8360", "Location": "ASHBY DE LA ZOUCH", "HardwareModel": "ProLiant ML310 G5 ", "DiskStatus": 1, "Errors": "No Errors" }, { "ServerName": "SRV8361", "Location": "NEW MARKET", "HardwareModel": "ProLiant ML350e Gen8 v2", "DiskStatus": 1, "Errors": "No Errors" }, { "ServerName": "SRV8364", "Location": "BULWELL", "HardwareModel": "ProLiant ML310 G5 ", "DiskStatus": 1, "Errors": "No Errors" }, { "ServerName": "SRV8365", "Location": "DUMFRIES", "HardwareModel": "ProLiant ML310 G5p ", "DiskStatus": 1, "Errors": "No Errors" }, { "ServerName": "SRV8366", "Location": "GLOSSOP", "HardwareModel": "ProLiant ML350 G6", "DiskStatus": 1, "Errors": "No Errors" }, { "ServerName": "SRV8367", "Location": "HEREFORD", "HardwareModel": "ProLiant ML310 G5p ", "DiskStatus": 1, "Errors": "No Errors" }, { "ServerName": "SRV8370", "Location": "PLUMSTEAD", "HardwareModel": "ProLiant ML350 G6", "DiskStatus": 1, "Errors": "No Errors" }, { "ServerName": "SRV8371", "Location": "READING", "HardwareModel": "ProLiant ML310 G5p ", "DiskStatus": 1, "Errors": "No Errors" }, { "ServerName": "SRV8372", "Location": "CHADWELL HEATH", "HardwareModel": "ProLiant ML310 G5 ", "DiskStatus": 1, "Errors": "No Errors" }, { "ServerName": "SRV8374", "Location": "OLDHAM", "HardwareModel": "ProLiant ML350 G6", "DiskStatus": 1, "Errors": "No Errors" }, { "ServerName": "SRV8377", "Location": "GLOUCESTER", "HardwareModel": "ProLiant ML310 G5 ", "DiskStatus": 1, "Errors": "No Errors" }, { "ServerName": "SRV8378", "Location": "CORBY", "HardwareModel": "ProLiant ML350e Gen8 v2", "DiskStatus": 1, "Errors": "No Errors" }, { "ServerName": "SRV8381", "Location": "BRAINTREE", "HardwareModel": "ProLiant ML350 G6", "DiskStatus": 1, "Errors": "No Errors" }, { "ServerName": "SRV8382", "Location": "EAST GRINSTEAD", "HardwareModel": "ProLiant ML310 G5 ", "DiskStatus": 1, "Errors": "No Errors" }, { "ServerName": "SRV8385", "Location": "GUILDFORD", "HardwareModel": "ProLiant ML310 G5 ", "DiskStatus": 1, "Errors": "No Errors" }, { "ServerName": "SRV8388", "Location": "CROYDON COLO", "HardwareModel": "ProLiant ML350e Gen8 v2", "DiskStatus": 1, "Errors": "No Errors" }, { "ServerName": "SRV8390", "Location": "CRAWLEY", "HardwareModel": "ProLiant ML350e Gen8 v2", "DiskStatus": 1, "Errors": "No Errors" }, { "ServerName": "SRV8393", "Location": "WIGSTON", "HardwareModel": "ProLiant ML350e Gen8 v2", "DiskStatus": 1, "Errors": "No Errors" }, { "ServerName": "SRV8397", "Location": "WATFORD", "HardwareModel": "ProLiant ML350e Gen8 v2", "DiskStatus": 1, "Errors": "No Errors" }, { "ServerName": "SRV8398", "Location": "LUTON", "HardwareModel": "ProLiant ML350e Gen8 v2", "DiskStatus": 1, "Errors": "No Errors" }, { "ServerName": "SRV8399", "Location": "NORTHALLERTON", "HardwareModel": "ProLiant ML350e Gen8 v2", "DiskStatus": 1, "Errors": "No Errors" }, { "ServerName": "SRV8404", "Location": "BURTON SOUTH", "HardwareModel": "ProLiant ML310 G5 ", "DiskStatus": 1, "Errors": "No Errors" }, { "ServerName": "SRV8406", "Location": "WORCESTER", "HardwareModel": "ProLiant ML350 G6", "DiskStatus": 1, "Errors": "No Errors" }, { "ServerName": "SRV8407", "Location": "TRURO", "HardwareModel": "ProLiant ML310 G5 ", "DiskStatus": 1, "Errors": "No Errors" }, { "ServerName": "SRV8409", "Location": "BRENTWOOD", "HardwareModel": "ProLiant ML350 G6", "DiskStatus": 1, "Errors": "No Errors" }, { "ServerName": "SRV8410", "Location": "GRAVESEND", "HardwareModel": "ProLiant ML350 G6", "DiskStatus": 1, "Errors": "No Errors" }, { "ServerName": "SRV8411", "Location": "SEVENOAKS", "HardwareModel": "ProLiant ML310 G5p ", "DiskStatus": 1, "Errors": "No Errors" }, { "ServerName": "SRV8412", "Location": "SHEFFIELD NORTH", "HardwareModel": "ProLiant ML310 G5 ", "DiskStatus": 1, "Errors": "No Errors" }, { "ServerName": "SRV8414", "Location": "EALING", "HardwareModel": "ProLiant ML350 G6", "DiskStatus": 1, "Errors": "No Errors" }, { "ServerName": "SRV8415", "Location": "MACCLESFIELD", "HardwareModel": "ProLiant ML310 G5 ", "DiskStatus": 1, "Errors": "No Errors" }, { "ServerName": "SRV8416", "Location": "STEVENAGE", "HardwareModel": "ProLiant ML350 G6", "DiskStatus": 1, "Errors": "No Errors" }, { "ServerName": "SRV8417", "Location": "STIRCHLEY", "HardwareModel": "ProLiant ML310 G5p ", "DiskStatus": 1, "Errors": "No Errors" }, { "ServerName": "SRV8418", "Location": "ASHTON GATE", "HardwareModel": "ProLiant ML310 G5p ", "DiskStatus": 1, "Errors": "No Errors" }, { "ServerName": "SRV8428", "Location": "KINGS LYNN", "HardwareModel": "ProLiant ML310 G5p ", "DiskStatus": 1, "Errors": "No Errors" }, { "ServerName": "SRV8429", "Location": "MILTON KEYNES", "HardwareModel": "ProLiant ML350 G6", "DiskStatus": 1, "Errors": "No Errors" }, { "ServerName": "SRV8430", "Location": "SALISBURY", "HardwareModel": "ProLiant ML310 G5 ", "DiskStatus": 1, "Errors": "No Errors" }, { "ServerName": "SRV8431", "Location": "CHORLEY", "HardwareModel": "ProLiant ML310 G5p ", "DiskStatus": 1, "Errors": "No Errors" }, { "ServerName": "SRV8434", "Location": "WORKSOP", "HardwareModel": "ProLiant ML310 G5 ", "DiskStatus": 1, "Errors": "No Errors" }, { "ServerName": "SRV8436", "Location": "HALESOWEN", "HardwareModel": "ProLiant ML310 G5p ", "DiskStatus": 1, "Errors": "No Errors" }, { "ServerName": "SRV8437", "Location": "WOLVERHAMPTON", "HardwareModel": "ProLiant ML310 G5p ", "DiskStatus": 1, "Errors": "No Errors" }, { "ServerName": "SRV8441", "Location": "SOUTH SHIELDS", "HardwareModel": "ProLiant ML350 G6", "DiskStatus": 1, "Errors": "No Errors" }, { "ServerName": "SRV8443", "Location": "GRANTHAM", "HardwareModel": "ProLiant ML350 G6", "DiskStatus": 1, "Errors": "No Errors" }, { "ServerName": "SRV8444", "Location": "LITTLEHAMPTON", "HardwareModel": "ProLiant ML310 G5p ", "DiskStatus": 1, "Errors": "No Errors" }, { "ServerName": "SRV8448", "Location": "BURGESS HILL", "HardwareModel": "ProLiant ML310 G5 ", "DiskStatus": 1, "Errors": "No Errors" }, { "ServerName": "SRV8449", "Location": "MALDON", "HardwareModel": "ProLiant ML310 G5 ", "DiskStatus": 1, "Errors": "No Errors" }, { "ServerName": "SRV8451", "Location": "HAILSHAM", "HardwareModel": "ProLiant ML310 G5 ", "DiskStatus": 1, "Errors": "No Errors" }, { "ServerName": "SRV8452", "Location": "NUNEATON", "HardwareModel": "ProLiant ML350 G6", "DiskStatus": 1, "Errors": "No Errors" }, { "ServerName": "SRV8453", "Location": "HERTFORD", "HardwareModel": "ProLiant ML350 G6", "DiskStatus": 1, "Errors": "No Errors" }, { "ServerName": "SRV8454", "Location": "BEVERLEY", "HardwareModel": "ProLiant ML310 G5 ", "DiskStatus": 1, "Errors": "No Errors" }, { "ServerName": "SRV8455", "Location": "TUNSTALL", "HardwareModel": "ProLiant ML350 G6", "DiskStatus": 1, "Errors": "No Errors" }, { "ServerName": "SRV8456", "Location": "CHESHAM", "HardwareModel": "ProLiant ML310 G5 ", "DiskStatus": 1, "Errors": "No Errors" }, { "ServerName": "SRV8457", "Location": "BISHOPS STORTFORD", "HardwareModel": "ProLiant ML310 G5p ", "DiskStatus": 1, "Errors": "No Errors" }, { "ServerName": "SRV8458", "Location": "HINCKLEY", "HardwareModel": "ProLiant ML350 G6", "DiskStatus": 1, "Errors": "No Errors" }, { "ServerName": "SRV8459", "Location": "WINSFORD", "HardwareModel": "ProLiant ML310 G5 ", "DiskStatus": 1, "Errors": "No Errors" }, { "ServerName": "SRV8460", "Location": "RUSHDEN", "HardwareModel": "ProLiant ML310 G5 ", "DiskStatus": 1, "Errors": "No Errors" }, { "ServerName": "SRV8461", "Location": "WEST WICKHAM", "HardwareModel": "ProLiant ML310 G5 ", "DiskStatus": 1, "Errors": "No Errors" }, { "ServerName": "SRV8464", "Location": "HUNTINGDON", "HardwareModel": "ProLiant ML310 G5 ", "DiskStatus": 1, "Errors": "No Errors" }, { "ServerName": "SRV8465", "Location": "WINNERSH", "HardwareModel": "ProLiant ML310 G5 ", "DiskStatus": 1, "Errors": "No Errors" }, { "ServerName": "SRV8467", "Location": "BOREHAMWOOD", "HardwareModel": "ProLiant ML350 G6", "DiskStatus": 1, "Errors": "No Errors" }, { "ServerName": "SRV8468", "Location": "SHEFFIELD CRYSTAL PEAKS", "HardwareModel": "ProLiant ML310 G5 ", "DiskStatus": 1, "Errors": "No Errors" }, { "ServerName": "SRV8469", "Location": "GRIMSBY", "HardwareModel": "ProLiant ML350e Gen8 v2", "DiskStatus": 1, "Errors": "No Errors" }, { "ServerName": "SRV8471", "Location": "YORK", "HardwareModel": "ProLiant ML310 G5 ", "DiskStatus": 1, "Errors": "No Errors" }, { "ServerName": "SRV8473", "Location": "HENDON", "HardwareModel": "ProLiant ML310 G5 ", "DiskStatus": 1, "Errors": "No Errors" }, { "ServerName": "SRV8474", "Location": "HEDGE END", "HardwareModel": "ProLiant ML310 G5p ", "DiskStatus": 1, "Errors": "No Errors" }, { "ServerName": "SRV8475", "Location": "ALTON", "HardwareModel": "ProLiant ML350e Gen8", "DiskStatus": 1, "Errors": "No Errors" }, { "ServerName": "SRV8479", "Location": "FOLKESTONE", "HardwareModel": "ProLiant ML310 G5p ", "DiskStatus": 1, "Errors": "No Errors" }, { "ServerName": "SRV8480", "Location": "ANERLEY", "HardwareModel": "ProLiant ML350e Gen8", "DiskStatus": 1, "Errors": "No Errors" }, { "ServerName": "SRV8481", "Location": "Christchurch", "HardwareModel": "ProLiant ML350e Gen8", "DiskStatus": 1, "Errors": "No Errors" }, { "ServerName": "SRV8482", "Location": "Sutton", "HardwareModel": "ProLiant ML350e Gen8", "DiskStatus": 1, "Errors": "No Errors" }, { "ServerName": "SRV8483", "Location": "Shipley", "HardwareModel": "ProLiant ML350e Gen8", "DiskStatus": 1, "Errors": "No Errors" }, { "ServerName": "SRV8484", "Location": "TUNBRIDGE WELLS", "HardwareModel": "ProLiant ML350e Gen8 v2", "DiskStatus": 1, "Errors": "No Errors" }, { "ServerName": "SRV8485", "Location": "Winchester", "HardwareModel": "ProLiant ML350e Gen8 v2", "DiskStatus": 1, "Errors": "No Errors" }, { "ServerName": "SRV8486", "Location": "MIDSOMER NORTON", "HardwareModel": "ProLiant ML350 G6", "DiskStatus": 1, "Errors": "No Errors" }, { "ServerName": "SRV8488", "Location": "RUGBY", "HardwareModel": "ProLiant ML350e Gen8 v2", "DiskStatus": 1, "Errors": "No Errors" }, { "ServerName": "SRV8492", "Location": "BOGNOR REGIS", "HardwareModel": "ProLiant ML350e Gen8 v2", "DiskStatus": 1, "Errors": "No Errors" }, { "ServerName": "SRV8493", "Location": "STOWMARKET", "HardwareModel": "ProLiant ML350e Gen8 v2", "DiskStatus": 1, "Errors": "No Errors" }, { "ServerName": "SRV8494", "Location": "LOUGHTON", "HardwareModel": "ProLiant ML350e Gen8 v2", "DiskStatus": 1, "Errors": "No Errors" }, { "ServerName": "SRV8495", "Location": "NEWBURY", "HardwareModel": "ProLiant ML350e Gen8 v2", "DiskStatus": 1, "Errors": "No Errors" }, { "ServerName": "SRV8497", "Location": "LEEDS ROUNDHAY", "HardwareModel": "ProLiant ML350e Gen8 v2", "DiskStatus": 1, "Errors": "No Errors" }, { "ServerName": "SRV8498", "Location": "NORWICH", "HardwareModel": "ProLiant ML350e Gen8", "DiskStatus": 1, "Errors": "No Errors" }, { "ServerName": "SRV8500", "Location": "WELWYN GC", "HardwareModel": "ProLiant ML350e Gen8 v2", "DiskStatus": 1, "Errors": "No Errors" }, { "ServerName": "SRV8501", "Location": "CARDIFF NEWPORT", "HardwareModel": "ProLiant ML350e Gen8 v2", "DiskStatus": 1, "Errors": "No Errors" }, { "ServerName": "SRV8510", "Location": "STAINES", "HardwareModel": "ProLiant ML350e Gen8 v2", "DiskStatus": 1, "Errors": "No Errors" }, { "ServerName": "SRV8520", "Location": "THURMASTON", "HardwareModel": "ProLiant ML350e Gen8 v2", "DiskStatus": 1, "Errors": "No Errors" }, { "ServerName": "SRV8549", "Location": "TORQUAY", "HardwareModel": "ProLiant ML350e Gen8 v2", "DiskStatus": 1, "Errors": "No Errors" }, { "ServerName": "SRV8565", "Location": "Bolton", "HardwareModel": "ProLiant ML350e Gen8 v2", "DiskStatus": 1, "Errors": "No Errors" }, { "ServerName": "SRV8566", "Location": "CHELMSLFORD", "HardwareModel": "ProLiant ML350e Gen8 v2", "DiskStatus": 1, "Errors": "No Errors" }, { "ServerName": "SRV8571", "Location": "WIDNES", "HardwareModel": "ProLiant ML350e Gen8 v2", "DiskStatus": 1, "Errors": "No Errors" }, { "ServerName": "SRV8714", "Location": "Sunderland", "HardwareModel": "ProLiant ML350e Gen8 v2", "DiskStatus": 1, "Errors": "No Errors" }, { "ServerName": "SRV8718", "Location": "WARWICK K\u0026B", "HardwareModel": "ProLiant ML310 G5 ", "DiskStatus": 1, "Errors": "No Errors" }, { "ServerName": "SRV8719", "Location": "SOUTHPORT K\u0026B", "HardwareModel": "ProLiant ML310 G5 ", "DiskStatus": 1, "Errors": "No Errors" }, { "ServerName": "SRV8728", "Location": "MUSWELL HILL K\u0026B", "HardwareModel": "ProLiant ML310 G5 ", "DiskStatus": 1, "Errors": "No Errors" }, { "ServerName": "SRV8729", "Location": "BATTERSEA", "HardwareModel": "ProLiant ML310 G5 ", "DiskStatus": 1, "Errors": "No Errors" } ]