[
    {
        "ServerName":  "SRV8037",
        "Location":  "BRIDGWATER",
        "BackupStatus":  "Failed",
        "AvailableBackup":  "",
        "priority":  "3"
    },
    {
        "ServerName":  "SRV8041",
        "Location":  "WISBECH",
        "BackupStatus":  "Failed",
        "AvailableBackup":  "04/02/2025 04:57:53",
        "priority":  "3"
    },
    {
        "ServerName":  "SRV8044",
        "Location":  "Martlesham Heath",
        "BackupStatus":  "Failed",
        "AvailableBackup":  "04/02/2025 07:31:00",
        "priority":  "3"
    },
    {
        "ServerName":  "SRV8049",
        "Location":  "FARNBOROUGH",
        "BackupStatus":  "Failed",
        "AvailableBackup":  "10/12/2024 08:41:20",
        "priority":  "3"
    },
    {
        "ServerName":  "SRV8053",
        "Location":  "HULL",
        "BackupStatus":  "Failed",
        "AvailableBackup":  "28/01/2025 07:47:51",
        "priority":  "3"
    },
    {
        "ServerName":  "SRV8055",
        "Location":  "BRADFORD",
        "BackupStatus":  "Failed",
        "AvailableBackup":  "10/12/2024 07:39:18",
        "priority":  "3"
    },
    {
        "ServerName":  "SRV8059",
        "Location":  "WIMBLEDON",
        "BackupStatus":  "Failed",
        "AvailableBackup":  "04/02/2025 08:09:54",
        "priority":  "3"
    },
    {
        "ServerName":  "SRV8061",
        "Location":  "LINCOLN",
        "BackupStatus":  "Failed",
        "AvailableBackup":  "10/12/2024 09:41:33",
        "priority":  "3"
    },
    {
        "ServerName":  "SRV8064",
        "Location":  "SCUNTHORPE",
        "BackupStatus":  "Failed",
        "AvailableBackup":  "10/12/2024 07:42:54",
        "priority":  "3"
    },
    {
        "ServerName":  "SRV8065",
        "Location":  "ROTHERHAM",
        "BackupStatus":  "server Unavailable",
        "AvailableBackup":  "",
        "priority":  "4"
    },
    {
        "ServerName":  "SRV8066",
        "Location":  "DEWSBURY",
        "BackupStatus":  "Failed",
        "AvailableBackup":  "10/12/2024 07:07:50",
        "priority":  "3"
    },
    {
        "ServerName":  "SRV8067",
        "Location":  "SUTTON IN ASHFIELD",
        "BackupStatus":  "Failed",
        "AvailableBackup":  "10/12/2024 07:44:24",
        "priority":  "3"
    },
    {
        "ServerName":  "SRV8071",
        "Location":  "NOTTINGHAM CENTRAL",
        "BackupStatus":  "Failed",
        "AvailableBackup":  "10/12/2024 07:36:42",
        "priority":  "3"
    },
    {
        "ServerName":  "SRV8072",
        "Location":  "CRICKLEWOOD",
        "BackupStatus":  "Failed",
        "AvailableBackup":  "04/02/2025 07:35:02",
        "priority":  "3"
    },
    {
        "ServerName":  "SRV8075",
        "Location":  "COVENTRY",
        "BackupStatus":  "Failed",
        "AvailableBackup":  "12/03/2025 05:49:27",
        "priority":  "3"
    },
    {
        "ServerName":  "SRV8078",
        "Location":  "RUISLIP",
        "BackupStatus":  "Failed",
        "AvailableBackup":  "04/02/2025 11:17:01",
        "priority":  "3"
    },
    {
        "ServerName":  "SRV8079",
        "Location":  "DERBY",
        "BackupStatus":  "Failed",
        "AvailableBackup":  "10/12/2024 08:39:56",
        "priority":  "3"
    },
    {
        "ServerName":  "SRV8080",
        "Location":  "WOKING",
        "BackupStatus":  "Failed",
        "AvailableBackup":  "10/12/2024 08:22:38",
        "priority":  "3"
    },
    {
        "ServerName":  "SRV8081",
        "Location":  "STOCKPORT",
        "BackupStatus":  "Failed",
        "AvailableBackup":  "28/01/2025 08:27:19",
        "priority":  "3"
    },
    {
        "ServerName":  "SRV8083",
        "Location":  "CATFORD",
        "BackupStatus":  "Failed",
        "AvailableBackup":  "10/12/2024 06:09:03",
        "priority":  "3"
    },
    {
        "ServerName":  "SRV8091",
        "Location":  "TOTTENHAM",
        "BackupStatus":  "Failed",
        "AvailableBackup":  "04/02/2025 05:42:04",
        "priority":  "3"
    },
    {
        "ServerName":  "SRV8096",
        "Location":  "HEMEL HEMPSTEAD",
        "BackupStatus":  "Failed",
        "AvailableBackup":  "04/02/2025 06:09:52",
        "priority":  "3"
    },
    {
        "ServerName":  "SRV8208",
        "Location":  "CANNING TOWN",
        "BackupStatus":  "Failed",
        "AvailableBackup":  "28/01/2025 08:34:20",
        "priority":  "3"
    },
    {
        "ServerName":  "SRV8214",
        "Location":  "MERTON",
        "BackupStatus":  "Failed",
        "AvailableBackup":  "",
        "priority":  "3"
    },
    {
        "ServerName":  "SRV8215",
        "Location":  "CROYDON",
        "BackupStatus":  "Failed",
        "AvailableBackup":  "10/12/2024 07:32:46",
        "priority":  "3"
    },
    {
        "ServerName":  "SRV8220",
        "Location":  "REDDITCH",
        "BackupStatus":  "Failed",
        "AvailableBackup":  "28/01/2025 07:10:56",
        "priority":  "3"
    },
    {
        "ServerName":  "SRV8222",
        "Location":  "HAYES",
        "BackupStatus":  "Failed",
        "AvailableBackup":  "04/02/2025 09:04:29",
        "priority":  "3"
    },
    {
        "ServerName":  "SRV8229",
        "Location":  "WALLSEND",
        "BackupStatus":  "Failed",
        "AvailableBackup":  "28/01/2025 09:05:48",
        "priority":  "3"
    },
    {
        "ServerName":  "SRV8234",
        "Location":  "OXFORD",
        "BackupStatus":  "Failed",
        "AvailableBackup":  "28/01/2025 12:10:40",
        "priority":  "3"
    },
    {
        "ServerName":  "SRV8236",
        "Location":  "CLIFTON",
        "BackupStatus":  "Failed",
        "AvailableBackup":  "28/01/2025 07:44:31",
        "priority":  "3"
    },
    {
        "ServerName":  "SRV8237",
        "Location":  "HANGER LANE",
        "BackupStatus":  "Failed",
        "AvailableBackup":  "04/02/2025 08:39:02",
        "priority":  "3"
    },
    {
        "ServerName":  "SRV8238",
        "Location":  "ST. ALBANS",
        "BackupStatus":  "Failed",
        "AvailableBackup":  "04/02/2025 09:55:05",
        "priority":  "3"
    },
    {
        "ServerName":  "SRV8243",
        "Location":  "WALTHAM CROSS",
        "BackupStatus":  "Failed",
        "AvailableBackup":  "04/02/2025 08:05:54",
        "priority":  "3"
    },
    {
        "ServerName":  "SRV8247",
        "Location":  "BARNSLEY",
        "BackupStatus":  "Failed",
        "AvailableBackup":  "10/12/2024 07:55:33",
        "priority":  "3"
    },
    {
        "ServerName":  "SRV8250",
        "Location":  "CREWE",
        "BackupStatus":  "Failed",
        "AvailableBackup":  "28/01/2025 07:58:25",
        "priority":  "3"
    },
    {
        "ServerName":  "SRV8253",
        "Location":  "CARLISLE",
        "BackupStatus":  "Failed",
        "AvailableBackup":  "10/12/2024 08:34:57",
        "priority":  "3"
    },
    {
        "ServerName":  "SRV8257",
        "Location":  "NOTTINGHAM NORTH",
        "BackupStatus":  "Failed",
        "AvailableBackup":  "10/12/2024 08:02:33",
        "priority":  "3"
    },
    {
        "ServerName":  "SRV8258",
        "Location":  "DUNDEE",
        "BackupStatus":  "Failed",
        "AvailableBackup":  "10/12/2024 08:44:14",
        "priority":  "3"
    },
    {
        "ServerName":  "SRV8262",
        "Location":  "CHESTER",
        "BackupStatus":  "Failed",
        "AvailableBackup":  "28/01/2025 05:01:32",
        "priority":  "3"
    },
    {
        "ServerName":  "SRV8263",
        "Location":  "HUDDERSFIELD",
        "BackupStatus":  "Failed",
        "AvailableBackup":  "10/12/2024 07:41:58",
        "priority":  "3"
    },
    {
        "ServerName":  "SRV8264",
        "Location":  "BEDFORD",
        "BackupStatus":  "Failed",
        "AvailableBackup":  "04/02/2025 07:55:40",
        "priority":  "3"
    },
    {
        "ServerName":  "SRV8267",
        "Location":  "PONTEFRACT",
        "BackupStatus":  "Failed",
        "AvailableBackup":  "10/12/2024 08:03:18",
        "priority":  "3"
    },
    {
        "ServerName":  "SRV8270",
        "Location":  "LETCHWORTH",
        "BackupStatus":  "Failed",
        "AvailableBackup":  "04/02/2025 06:16:13",
        "priority":  "3"
    },
    {
        "ServerName":  "SRV8271",
        "Location":  "BRIDGEND",
        "BackupStatus":  "Failed",
        "AvailableBackup":  "28/01/2025 09:35:55",
        "priority":  "3"
    },
    {
        "ServerName":  "SRV8273",
        "Location":  "PRESTON",
        "BackupStatus":  "Failed",
        "AvailableBackup":  "28/01/2025 08:10:04",
        "priority":  "3"
    },
    {
        "ServerName":  "SRV8274",
        "Location":  "YEOVIL",
        "BackupStatus":  "Failed",
        "AvailableBackup":  "10/12/2024 08:11:10",
        "priority":  "3"
    },
    {
        "ServerName":  "SRV8276",
        "Location":  "AINTREE",
        "BackupStatus":  "Failed",
        "AvailableBackup":  "28/01/2025 07:08:28",
        "priority":  "3"
    },
    {
        "ServerName":  "SRV8277",
        "Location":  "BANBURY",
        "BackupStatus":  "Failed",
        "AvailableBackup":  "28/01/2025 08:56:00",
        "priority":  "3"
    },
    {
        "ServerName":  "SRV8279",
        "Location":  "BLETCHLEY",
        "BackupStatus":  "Failed",
        "AvailableBackup":  "04/02/2025 07:43:15",
        "priority":  "3"
    },
    {
        "ServerName":  "SRV8282",
        "Location":  "STIRLING",
        "BackupStatus":  "Failed",
        "AvailableBackup":  "10/12/2024 07:29:00",
        "priority":  "3"
    },
    {
        "ServerName":  "SRV8283",
        "Location":  "CHESTERFIELD",
        "BackupStatus":  "Failed",
        "AvailableBackup":  "10/12/2024 08:33:59",
        "priority":  "3"
    },
    {
        "ServerName":  "SRV8284",
        "Location":  "BURY",
        "BackupStatus":  "Failed",
        "AvailableBackup":  "28/01/2025 07:03:41",
        "priority":  "3"
    },
    {
        "ServerName":  "SRV8287",
        "Location":  "COLCHESTER",
        "BackupStatus":  "Failed",
        "AvailableBackup":  "04/02/2025 10:18:40",
        "priority":  "3"
    },
    {
        "ServerName":  "SRV8291",
        "Location":  "BAGULEY",
        "BackupStatus":  "Failed",
        "AvailableBackup":  "28/01/2025 06:15:49",
        "priority":  "3"
    },
    {
        "ServerName":  "SRV8293",
        "Location":  "NORTHAMPTON",
        "BackupStatus":  "Failed",
        "AvailableBackup":  "04/02/2025 08:14:33",
        "priority":  "3"
    },
    {
        "ServerName":  "SRV8296",
        "Location":  "BLACKPOOL",
        "BackupStatus":  "Failed",
        "AvailableBackup":  "28/01/2025 07:48:15",
        "priority":  "3"
    },
    {
        "ServerName":  "SRV8297",
        "Location":  "BARKING EXTRA",
        "BackupStatus":  "Failed",
        "AvailableBackup":  "28/01/2025 05:56:25",
        "priority":  "3"
    },
    {
        "ServerName":  "SRV8298",
        "Location":  "BIRKENHEAD",
        "BackupStatus":  "Failed",
        "AvailableBackup":  "28/01/2025 08:08:17",
        "priority":  "3"
    },
    {
        "ServerName":  "SRV8301",
        "Location":  "WARRINGTON",
        "BackupStatus":  "Failed",
        "AvailableBackup":  "28/01/2025 08:24:51",
        "priority":  "3"
    },
    {
        "ServerName":  "SRV8303",
        "Location":  "HALIFAX",
        "BackupStatus":  "Failed",
        "AvailableBackup":  "10/12/2024 07:43:39",
        "priority":  "3"
    },
    {
        "ServerName":  "SRV8308",
        "Location":  "WREXHAM",
        "BackupStatus":  "Failed",
        "AvailableBackup":  "28/01/2025 07:49:14",
        "priority":  "3"
    },
    {
        "ServerName":  "SRV8309",
        "Location":  "EPSOM",
        "BackupStatus":  "Failed",
        "AvailableBackup":  "04/02/2025 12:23:10",
        "priority":  "3"
    },
    {
        "ServerName":  "SRV8312",
        "Location":  "BRACKNELL",
        "BackupStatus":  "Failed",
        "AvailableBackup":  "04/02/2025 05:45:23",
        "priority":  "3"
    },
    {
        "ServerName":  "SRV8313",
        "Location":  "HIGH WYCOMBE",
        "BackupStatus":  "Failed",
        "AvailableBackup":  "04/02/2025 08:07:31",
        "priority":  "3"
    },
    {
        "ServerName":  "SRV8316",
        "Location":  "AYLESBURY EXTRA",
        "BackupStatus":  "Failed",
        "AvailableBackup":  "04/02/2025 08:46:45",
        "priority":  "3"
    },
    {
        "ServerName":  "SRV8317",
        "Location":  "LOWESTOFT",
        "BackupStatus":  "Failed",
        "AvailableBackup":  "04/02/2025 05:23:52",
        "priority":  "3"
    },
    {
        "ServerName":  "SRV8318",
        "Location":  "BICESTER",
        "BackupStatus":  "Failed",
        "AvailableBackup":  "28/01/2025 09:57:55",
        "priority":  "3"
    },
    {
        "ServerName":  "SRV8322",
        "Location":  "EDMONTON EXTRA",
        "BackupStatus":  "Failed",
        "AvailableBackup":  "03/02/2025 11:03:34",
        "priority":  "3"
    },
    {
        "ServerName":  "SRV8323",
        "Location":  "SWANSEA EXTRA",
        "BackupStatus":  "Failed",
        "AvailableBackup":  "04/02/2025 04:53:09",
        "priority":  "3"
    },
    {
        "ServerName":  "SRV8326",
        "Location":  "KETTERING EXTRA",
        "BackupStatus":  "Failed",
        "AvailableBackup":  "04/02/2025 08:58:43",
        "priority":  "3"
    },
    {
        "ServerName":  "SRV8327",
        "Location":  "WAKEFIELD",
        "BackupStatus":  "Failed",
        "AvailableBackup":  "10/12/2024 05:30:00",
        "priority":  "3"
    },
    {
        "ServerName":  "SRV8332",
        "Location":  "BASINGSTOKE",
        "BackupStatus":  "Failed",
        "AvailableBackup":  "10/12/2024 08:58:53",
        "priority":  "3"
    },
    {
        "ServerName":  "SRV8342",
        "Location":  "SWINDON EXTRA",
        "BackupStatus":  "Failed",
        "AvailableBackup":  "04/02/2025 00:00:00",
        "priority":  "3"
    },
    {
        "ServerName":  "SRV8347",
        "Location":  "CAERPHILLY",
        "BackupStatus":  "Failed",
        "AvailableBackup":  "04/02/2025 00:00:00",
        "priority":  "3"
    },
    {
        "ServerName":  "SRV8348",
        "Location":  "NEWCASTLE EXTRA",
        "BackupStatus":  "Failed",
        "AvailableBackup":  "28/01/2025 00:00:00",
        "priority":  "3"
    },
    {
        "ServerName":  "SRV8350",
        "Location":  "IPSWICH",
        "BackupStatus":  "Failed",
        "AvailableBackup":  "04/02/2025 00:00:00",
        "priority":  "3"
    },
    {
        "ServerName":  "SRV8351",
        "Location":  "Cirencester",
        "BackupStatus":  "Failed",
        "AvailableBackup":  "04/02/2025 00:00:00",
        "priority":  "3"
    },
    {
        "ServerName":  "SRV8352",
        "Location":  "GLASGOW",
        "BackupStatus":  "Failed",
        "AvailableBackup":  "10/12/2024 00:00:00",
        "priority":  "3"
    },
    {
        "ServerName":  "SRV8353",
        "Location":  "HAVERFORDWEST",
        "BackupStatus":  "Failed",
        "AvailableBackup":  "04/02/2025 00:00:00",
        "priority":  "3"
    },
    {
        "ServerName":  "SRV8354",
        "Location":  "EDINBURGH EXTRA",
        "BackupStatus":  "Failed",
        "AvailableBackup":  "10/12/2024 00:00:00",
        "priority":  "3"
    },
    {
        "ServerName":  "SRV8360",
        "Location":  "ASHBY DE LA ZOUCH",
        "BackupStatus":  "Failed",
        "AvailableBackup":  "10/12/2024 00:00:00",
        "priority":  "3"
    },
    {
        "ServerName":  "SRV8361",
        "Location":  "NEW MARKET",
        "BackupStatus":  "Failed",
        "AvailableBackup":  "04/02/2025 00:00:00",
        "priority":  "3"
    },
    {
        "ServerName":  "SRV8364",
        "Location":  "BULWELL",
        "BackupStatus":  "Failed",
        "AvailableBackup":  "10/12/2024 00:00:00",
        "priority":  "3"
    },
    {
        "ServerName":  "SRV8365",
        "Location":  "DUMFRIES",
        "BackupStatus":  "Failed",
        "AvailableBackup":  "10/12/2024 00:00:00",
        "priority":  "3"
    },
    {
        "ServerName":  "SRV8366",
        "Location":  "GLOSSOP",
        "BackupStatus":  "Failed",
        "AvailableBackup":  "28/01/2025 00:00:00",
        "priority":  "3"
    },
    {
        "ServerName":  "SRV8367",
        "Location":  "HEREFORD",
        "BackupStatus":  "Failed",
        "AvailableBackup":  "04/02/2025 00:00:00",
        "priority":  "3"
    },
    {
        "ServerName":  "SRV8371",
        "Location":  "READING",
        "BackupStatus":  "Failed",
        "AvailableBackup":  "04/02/2025 00:00:00",
        "priority":  "3"
    },
    {
        "ServerName":  "SRV8372",
        "Location":  "CHADWELL HEATH",
        "BackupStatus":  "Failed",
        "AvailableBackup":  "28/01/2025 00:00:00",
        "priority":  "3"
    },
    {
        "ServerName":  "SRV8374",
        "Location":  "OLDHAM",
        "BackupStatus":  "Failed",
        "AvailableBackup":  "28/01/2025 00:00:00",
        "priority":  "3"
    },
    {
        "ServerName":  "SRV8377",
        "Location":  "GLOUCESTER",
        "BackupStatus":  "Failed",
        "AvailableBackup":  "04/02/2025 00:00:00",
        "priority":  "3"
    },
    {
        "ServerName":  "SRV8378",
        "Location":  "CORBY",
        "BackupStatus":  "Failed",
        "AvailableBackup":  "04/02/2025 00:00:00",
        "priority":  "3"
    },
    {
        "ServerName":  "SRV8381",
        "Location":  "BRAINTREE",
        "BackupStatus":  "Failed",
        "AvailableBackup":  "28/01/2025 00:00:00",
        "priority":  "3"
    },
    {
        "ServerName":  "SRV8385",
        "Location":  "GUILDFORD",
        "BackupStatus":  "Failed",
        "AvailableBackup":  "10/12/2024 00:00:00",
        "priority":  "3"
    },
    {
        "ServerName":  "SRV8388",
        "Location":  "CROYDON COLO",
        "BackupStatus":  "Failed",
        "AvailableBackup":  "10/12/2024 00:00:00",
        "priority":  "3"
    },
    {
        "ServerName":  "SRV8393",
        "Location":  "WIGSTON",
        "BackupStatus":  "Failed",
        "AvailableBackup":  "10/12/2024 00:00:00",
        "priority":  "3"
    },
    {
        "ServerName":  "SRV8397",
        "Location":  "WATFORD",
        "BackupStatus":  "Failed",
        "AvailableBackup":  "",
        "priority":  "3"
    },
    {
        "ServerName":  "SRV8398",
        "Location":  "LUTON",
        "BackupStatus":  "Failed",
        "AvailableBackup":  "04/02/2025 00:00:00",
        "priority":  "3"
    },
    {
        "ServerName":  "SRV8399",
        "Location":  "NORTHALLERTON",
        "BackupStatus":  "Failed",
        "AvailableBackup":  "28/01/2025 00:00:00",
        "priority":  "3"
    },
    {
        "ServerName":  "SRV8404",
        "Location":  "BURTON SOUTH",
        "BackupStatus":  "Failed",
        "AvailableBackup":  "10/12/2024 00:00:00",
        "priority":  "3"
    },
    {
        "ServerName":  "SRV8406",
        "Location":  "WORCESTER",
        "BackupStatus":  "Failed",
        "AvailableBackup":  "04/02/2025 07:56:59",
        "priority":  "3"
    },
    {
        "ServerName":  "SRV8409",
        "Location":  "BRENTWOOD",
        "BackupStatus":  "Failed",
        "AvailableBackup":  "28/01/2025 11:23:30",
        "priority":  "3"
    },
    {
        "ServerName":  "SRV8412",
        "Location":  "SHEFFIELD NORTH",
        "BackupStatus":  "Failed",
        "AvailableBackup":  "10/12/2024 08:10:31",
        "priority":  "3"
    },
    {
        "ServerName":  "SRV8414",
        "Location":  "EALING",
        "BackupStatus":  "Failed",
        "AvailableBackup":  "04/02/2025 08:11:51",
        "priority":  "3"
    },
    {
        "ServerName":  "SRV8415",
        "Location":  "MACCLESFIELD",
        "BackupStatus":  "Failed",
        "AvailableBackup":  "28/01/2025 08:43:54",
        "priority":  "3"
    },
    {
        "ServerName":  "SRV8416",
        "Location":  "STEVENAGE",
        "BackupStatus":  "Failed",
        "AvailableBackup":  "04/02/2025 05:26:50",
        "priority":  "3"
    },
    {
        "ServerName":  "SRV8428",
        "Location":  "KINGS LYNN",
        "BackupStatus":  "Failed",
        "AvailableBackup":  "04/02/2025 07:41:07",
        "priority":  "3"
    },
    {
        "ServerName":  "SRV8429",
        "Location":  "MILTON KEYNES",
        "BackupStatus":  "Failed",
        "AvailableBackup":  "04/02/2025 09:45:01",
        "priority":  "3"
    },
    {
        "ServerName":  "SRV8431",
        "Location":  "CHORLEY",
        "BackupStatus":  "Failed",
        "AvailableBackup":  "28/01/2025 09:11:50",
        "priority":  "3"
    },
    {
        "ServerName":  "SRV8441",
        "Location":  "SOUTH SHIELDS",
        "BackupStatus":  "Failed",
        "AvailableBackup":  "28/01/2025 05:47:05",
        "priority":  "3"
    },
    {
        "ServerName":  "SRV8452",
        "Location":  "NUNEATON",
        "BackupStatus":  "Failed",
        "AvailableBackup":  "04/02/2025 08:56:11",
        "priority":  "3"
    },
    {
        "ServerName":  "SRV8453",
        "Location":  "HERTFORD",
        "BackupStatus":  "Failed",
        "AvailableBackup":  "28/01/2025 08:15:51",
        "priority":  "3"
    },
    {
        "ServerName":  "SRV8454",
        "Location":  "BEVERLEY",
        "BackupStatus":  "Failed",
        "AvailableBackup":  "28/01/2025 09:07:50",
        "priority":  "3"
    },
    {
        "ServerName":  "SRV8456",
        "Location":  "CHESHAM",
        "BackupStatus":  "Failed",
        "AvailableBackup":  "04/02/2025 04:58:25",
        "priority":  "3"
    },
    {
        "ServerName":  "SRV8457",
        "Location":  "BISHOPS STORTFORD",
        "BackupStatus":  "Failed",
        "AvailableBackup":  "28/01/2025 07:38:39",
        "priority":  "3"
    },
    {
        "ServerName":  "SRV8458",
        "Location":  "HINCKLEY",
        "BackupStatus":  "Failed",
        "AvailableBackup":  "10/12/2024 08:34:06",
        "priority":  "3"
    },
    {
        "ServerName":  "SRV8459",
        "Location":  "WINSFORD",
        "BackupStatus":  "Failed",
        "AvailableBackup":  "28/01/2025 07:59:52",
        "priority":  "3"
    },
    {
        "ServerName":  "SRV8460",
        "Location":  "RUSHDEN",
        "BackupStatus":  "Failed",
        "AvailableBackup":  "04/02/2025 07:33:40",
        "priority":  "3"
    },
    {
        "ServerName":  "SRV8461",
        "Location":  "WEST WICKHAM",
        "BackupStatus":  "Failed",
        "AvailableBackup":  "28/01/2025 08:32:16",
        "priority":  "3"
    },
    {
        "ServerName":  "SRV8464",
        "Location":  "HUNTINGDON",
        "BackupStatus":  "Failed",
        "AvailableBackup":  "04/02/2025 07:15:27",
        "priority":  "3"
    },
    {
        "ServerName":  "SRV8465",
        "Location":  "WINNERSH",
        "BackupStatus":  "Failed",
        "AvailableBackup":  "04/02/2025 08:30:42",
        "priority":  "3"
    },
    {
        "ServerName":  "SRV8467",
        "Location":  "BOREHAMWOOD",
        "BackupStatus":  "Failed",
        "AvailableBackup":  "04/02/2025 09:34:16",
        "priority":  "3"
    },
    {
        "ServerName":  "SRV8468",
        "Location":  "SHEFFIELD CRYSTAL PEAKS",
        "BackupStatus":  "Failed",
        "AvailableBackup":  "10/12/2024 08:49:38",
        "priority":  "3"
    },
    {
        "ServerName":  "SRV8469",
        "Location":  "GRIMSBY",
        "BackupStatus":  "Failed",
        "AvailableBackup":  "10/12/2024 07:35:26",
        "priority":  "3"
    },
    {
        "ServerName":  "SRV8471",
        "Location":  "YORK",
        "BackupStatus":  "Failed",
        "AvailableBackup":  "28/01/2025 08:11:46",
        "priority":  "3"
    },
    {
        "ServerName":  "SRV8473",
        "Location":  "HENDON",
        "BackupStatus":  "Failed",
        "AvailableBackup":  "04/02/2025 05:11:52",
        "priority":  "3"
    },
    {
        "ServerName":  "SRV8475",
        "Location":  "ALTON",
        "BackupStatus":  "Failed",
        "AvailableBackup":  "10/12/2024 05:48:49",
        "priority":  "3"
    },
    {
        "ServerName":  "SRV8480",
        "Location":  "ANERLEY",
        "BackupStatus":  "Failed",
        "AvailableBackup":  "10/12/2024 09:23:14",
        "priority":  "3"
    },
    {
        "ServerName":  "SRV8482",
        "Location":  "Sutton",
        "BackupStatus":  "Failed",
        "AvailableBackup":  "10/12/2024 07:54:07",
        "priority":  "3"
    },
    {
        "ServerName":  "SRV8483",
        "Location":  "Shipley",
        "BackupStatus":  "Failed",
        "AvailableBackup":  "10/12/2024 10:28:14",
        "priority":  "3"
    },
    {
        "ServerName":  "SRV8484",
        "Location":  "TUNBRIDGE WELLS",
        "BackupStatus":  "Failed",
        "AvailableBackup":  "10/12/2024 08:01:56",
        "priority":  "3"
    },
    {
        "ServerName":  "SRV8488",
        "Location":  "RUGBY",
        "BackupStatus":  "Failed",
        "AvailableBackup":  "28/01/2025 07:24:16",
        "priority":  "3"
    },
    {
        "ServerName":  "SRV8492",
        "Location":  "BOGNOR REGIS",
        "BackupStatus":  "Failed",
        "AvailableBackup":  "10/12/2024 06:58:09",
        "priority":  "3"
    },
    {
        "ServerName":  "SRV8493",
        "Location":  "STOWMARKET",
        "BackupStatus":  "Failed",
        "AvailableBackup":  "04/02/2025 08:26:14",
        "priority":  "3"
    },
    {
        "ServerName":  "SRV8494",
        "Location":  "LOUGHTON",
        "BackupStatus":  "Failed",
        "AvailableBackup":  "28/01/2025 07:29:08",
        "priority":  "3"
    },
    {
        "ServerName":  "SRV8495",
        "Location":  "NEWBURY",
        "BackupStatus":  "Failed",
        "AvailableBackup":  "04/02/2025 08:53:33",
        "priority":  "3"
    },
    {
        "ServerName":  "SRV8497",
        "Location":  "LEEDS ROUNDHAY",
        "BackupStatus":  "Failed",
        "AvailableBackup":  "10/12/2024 07:32:43",
        "priority":  "3"
    },
    {
        "ServerName":  "SRV8500",
        "Location":  "WELWYN GC",
        "BackupStatus":  "Failed",
        "AvailableBackup":  "04/02/2025 08:39:49",
        "priority":  "3"
    },
    {
        "ServerName":  "SRV8501",
        "Location":  "CARDIFF NEWPORT",
        "BackupStatus":  "Failed",
        "AvailableBackup":  "",
        "priority":  "3"
    },
    {
        "ServerName":  "SRV8520",
        "Location":  "THURMASTON",
        "BackupStatus":  "Failed",
        "AvailableBackup":  "28/01/2025 05:08:49",
        "priority":  "3"
    },
    {
        "ServerName":  "SRV8565",
        "Location":  "Bolton",
        "BackupStatus":  "Failed",
        "AvailableBackup":  "28/01/2025 08:15:06",
        "priority":  "3"
    },
    {
        "ServerName":  "SRV8566",
        "Location":  "CHELMSLFORD",
        "BackupStatus":  "Failed",
        "AvailableBackup":  "25/12/2024 10:59:07",
        "priority":  "3"
    },
    {
        "ServerName":  "SRV8714",
        "Location":  "Sunderland",
        "BackupStatus":  "Failed",
        "AvailableBackup":  "28/01/2025 08:08:36",
        "priority":  "3"
    },
    {
        "ServerName":  "SRV8719",
        "Location":  "SOUTHPORT K\u0026B",
        "BackupStatus":  "Failed",
        "AvailableBackup":  "28/01/2025 09:22:13",
        "priority":  "3"
    },
    {
        "ServerName":  "SRV8728",
        "Location":  "MUSWELL HILL K\u0026B",
        "BackupStatus":  "Failed",
        "AvailableBackup":  "28/01/2025 04:59:48",
        "priority":  "3"
    },
    {
        "ServerName":  "SRV8571",
        "Location":  "WIDNES",
        "BackupStatus":  "Failed",
        "AvailableBackup":  "28/01/2025 08:08:24",
        "priority":  "3"
    },
    {
        "ServerName":  "SRV8585",
        "Location":  "LONG EATON",
        "BackupStatus":  "Failed",
        "AvailableBackup":  "28/01/2025 07:41:56",
        "priority":  "3"
    },
    {
        "ServerName":  "SRV8573",
        "Location":  "DURHAM",
        "BackupStatus":  "Failed",
        "AvailableBackup":  "28/01/2025 06:09:09",
        "priority":  "3"
    },
    {
        "ServerName":  "SRV8587",
        "Location":  "ABERDEEN",
        "BackupStatus":  "Failed",
        "AvailableBackup":  "10/12/2024 07:35:45",
        "priority":  "3"
    },
    {
        "ServerName":  "SRV8586",
        "Location":  "LEAMINGTON SPA",
        "BackupStatus":  "Failed",
        "AvailableBackup":  "28/01/2025 13:22:32",
        "priority":  "3"
    }
]
