[
    {
        "switchName":  "10.88.79.193",
        "Location":  "Aintree",
        "switchpingstatus":  "1"
    },
    {
        "switchName":  "10.88.79.194",
        "Location":  "Aintree",
        "switchpingstatus":  "1"
    },
    {
        "switchName":  "10.88.223.193",
        "Location":  "Alton",
        "switchpingstatus":  "1"
    },
    {
        "switchName":  "10.88.223.194",
        "Location":  "Alton",
        "switchpingstatus":  "1"
    },
    {
        "switchName":  "10.88.195.193",
        "Location":  "Andover",
        "switchpingstatus":  "1"
    },
    {
        "switchName":  "10.88.195.194",
        "Location":  "Andover",
        "switchpingstatus":  "1"
    },
    {
        "switchName":  "10.88.225.193",
        "Location":  "Anerley",
        "switchpingstatus":  "1"
    },
    {
        "switchName":  "10.88.225.194",
        "Location":  "Anerley",
        "switchpingstatus":  "1"
    },
    {
        "switchName":  "10.88.205.193",
        "Location":  "Ashby de la Zouch",
        "switchpingstatus":  "1"
    },
    {
        "switchName":  "10.88.205.194",
        "Location":  "Ashby de la Zouch",
        "switchpingstatus":  "1"
    },
    {
        "switchName":  "10.88.167.193",
        "Location":  "Ashford",
        "switchpingstatus":  "1"
    },
    {
        "switchName":  "10.88.167.194",
        "Location":  "Ashford",
        "switchpingstatus":  "1"
    },
    {
        "switchName":  "10.88.80.193",
        "Location":  "Aylesbury",
        "switchpingstatus":  "1"
    },
    {
        "switchName":  "10.88.80.194",
        "Location":  "Aylesbury",
        "switchpingstatus":  "1"
    },
    {
        "switchName":  "10.88.81.193",
        "Location":  "Baguley",
        "switchpingstatus":  "1"
    },
    {
        "switchName":  "10.88.81.194",
        "Location":  "Baguley",
        "switchpingstatus":  "1"
    },
    {
        "switchName":  "10.88.4.193",
        "Location":  "Banbury",
        "switchpingstatus":  "1"
    },
    {
        "switchName":  "10.88.4.194",
        "Location":  "Banbury",
        "switchpingstatus":  "1"
    },
    {
        "switchName":  "10.88.188.193",
        "Location":  "Barking",
        "switchpingstatus":  "1"
    },
    {
        "switchName":  "10.88.188.194",
        "Location":  "Barking",
        "switchpingstatus":  "1"
    },
    {
        "switchName":  "10.88.14.193",
        "Location":  "Barnsley",
        "switchpingstatus":  "1"
    },
    {
        "switchName":  "10.88.14.194",
        "Location":  "Barnsley",
        "switchpingstatus":  "1"
    },
    {
        "switchName":  "10.88.82.193",
        "Location":  "Barnstaple",
        "switchpingstatus":  "1"
    },
    {
        "switchName":  "10.88.82.194",
        "Location":  "Barnstaple",
        "switchpingstatus":  "1"
    },
    {
        "switchName":  "10.88.198.193",
        "Location":  "Basingstoke",
        "switchpingstatus":  "1"
    },
    {
        "switchName":  "10.88.198.194",
        "Location":  "Basingstoke",
        "switchpingstatus":  "1"
    },
    {
        "switchName":  "10.88.3.193",
        "Location":  "Bedford",
        "switchpingstatus":  "1"
    },
    {
        "switchName":  "10.88.3.194",
        "Location":  "Bedford",
        "switchpingstatus":  "1"
    },
    {
        "switchName":  "10.88.216.193",
        "Location":  "Beverley",
        "switchpingstatus":  "1"
    },
    {
        "switchName":  "10.88.216.194",
        "Location":  "Beverley",
        "switchpingstatus":  "1"
    },
    {
        "switchName":  "10.88.84.193",
        "Location":  "Bexhill",
        "switchpingstatus":  "1"
    },
    {
        "switchName":  "10.88.84.194",
        "Location":  "Bexhill",
        "switchpingstatus":  "1"
    },
    {
        "switchName":  "10.88.85.193",
        "Location":  "Bicester",
        "switchpingstatus":  "1"
    },
    {
        "switchName":  "10.88.85.194",
        "Location":  "Bicester",
        "switchpingstatus":  "1"
    },
    {
        "switchName":  "10.88.189.193",
        "Location":  "Birkenhead",
        "switchpingstatus":  "1"
    },
    {
        "switchName":  "10.88.189.194",
        "Location":  "Birkenhead",
        "switchpingstatus":  "1"
    },
    {
        "switchName":  "10.88.189.195",
        "Location":  "Birkenhead",
        "switchpingstatus":  "1"
    },
    {
        "switchName":  "10.88.86.193",
        "Location":  "Bishops",
        "switchpingstatus":  "1"
    },
    {
        "switchName":  "10.88.86.194",
        "Location":  "Bishops",
        "switchpingstatus":  "1"
    },
    {
        "switchName":  "10.88.87.193",
        "Location":  "Blackheat",
        "switchpingstatus":  "1"
    },
    {
        "switchName":  "10.88.87.194",
        "Location":  "Blackheat",
        "switchpingstatus":  "1"
    },
    {
        "switchName":  "10.88.11.193",
        "Location":  "Blackpool",
        "switchpingstatus":  "1"
    },
    {
        "switchName":  "10.88.11.194",
        "Location":  "Blackpool",
        "switchpingstatus":  "1"
    },
    {
        "switchName":  "10.88.11.195",
        "Location":  "Blackpool",
        "switchpingstatus":  "1"
    },
    {
        "switchName":  "10.88.5.193",
        "Location":  "Bletchley",
        "switchpingstatus":  "1"
    },
    {
        "switchName":  "10.88.5.194",
        "Location":  "Bletchley",
        "switchpingstatus":  "1"
    },
    {
        "switchName":  "10.88.245.193",
        "Location":  "Bognor Regis",
        "switchpingstatus":  "1"
    },
    {
        "switchName":  "10.88.245.194",
        "Location":  "Bognor Regis",
        "switchpingstatus":  "1"
    },
    {
        "switchName":  "10.88.136.193",
        "Location":  "Bolton",
        "switchpingstatus":  "1"
    },
    {
        "switchName":  "10.88.136.194",
        "Location":  "Bolton",
        "switchpingstatus":  "1"
    },
    {
        "switchName":  "10.88.219.193",
        "Location":  "Borehamwood",
        "switchpingstatus":  "1"
    },
    {
        "switchName":  "10.88.219.194",
        "Location":  "Borehamwood",
        "switchpingstatus":  "1"
    },
    {
        "switchName":  "10.88.88.193",
        "Location":  "Boston",
        "switchpingstatus":  "1"
    },
    {
        "switchName":  "10.88.88.194",
        "Location":  "Boston",
        "switchpingstatus":  "1"
    },
    {
        "switchName":  "10.88.16.193",
        "Location":  "Bournemouth",
        "switchpingstatus":  "1"
    },
    {
        "switchName":  "10.88.89.193",
        "Location":  "Bracknell",
        "switchpingstatus":  "1"
    },
    {
        "switchName":  "10.88.89.194",
        "Location":  "Bracknell",
        "switchpingstatus":  "1"
    },
    {
        "switchName":  "10.88.89.195",
        "Location":  "Bracknell",
        "switchpingstatus":  "1"
    },
    {
        "switchName":  "10.88.148.193",
        "Location":  "Bradford",
        "switchpingstatus":  "1"
    },
    {
        "switchName":  "10.88.148.194",
        "Location":  "Bradford",
        "switchpingstatus":  "1"
    },
    {
        "switchName":  "10.88.207.193",
        "Location":  "Braintree",
        "switchpingstatus":  "1"
    },
    {
        "switchName":  "10.88.207.194",
        "Location":  "Braintree",
        "switchpingstatus":  "1"
    },
    {
        "switchName":  "10.88.209.193",
        "Location":  "Brentwood",
        "switchpingstatus":  "1"
    },
    {
        "switchName":  "10.88.209.194",
        "Location":  "Brentwood",
        "switchpingstatus":  "1"
    },
    {
        "switchName":  "10.88.90.193",
        "Location":  "Bridgend",
        "switchpingstatus":  "1"
    },
    {
        "switchName":  "10.88.90.194",
        "Location":  "Bridgend",
        "switchpingstatus":  "1"
    },
    {
        "switchName":  "10.88.91.193",
        "Location":  "Bridgwater",
        "switchpingstatus":  "1"
    },
    {
        "switchName":  "10.88.91.194",
        "Location":  "Bridgwater",
        "switchpingstatus":  "1"
    },
    {
        "switchName":  "10.88.92.193",
        "Location":  "Brighton",
        "switchpingstatus":  "1"
    },
    {
        "switchName":  "10.88.92.194",
        "Location":  "Brighton",
        "switchpingstatus":  "1"
    },
    {
        "switchName":  "10.88.93.193",
        "Location":  "Bristol",
        "switchpingstatus":  "1"
    },
    {
        "switchName":  "10.88.93.194",
        "Location":  "Bristol",
        "switchpingstatus":  "1"
    },
    {
        "switchName":  "10.88.201.193",
        "Location":  "Broadstairs",
        "switchpingstatus":  "1"
    },
    {
        "switchName":  "10.88.201.194",
        "Location":  "Broadstairs",
        "switchpingstatus":  "1"
    },
    {
        "switchName":  "10.88.201.195",
        "Location":  "Broadstairs",
        "switchpingstatus":  "1"
    },
    {
        "switchName":  "10.88.17.193",
        "Location":  "Bulwell",
        "switchpingstatus":  "1"
    },
    {
        "switchName":  "10.88.17.194",
        "Location":  "Bulwell",
        "switchpingstatus":  "1"
    },
    {
        "switchName":  "10.88.94.193",
        "Location":  "Burgess",
        "switchpingstatus":  "1"
    },
    {
        "switchName":  "10.88.94.194",
        "Location":  "Burgess",
        "switchpingstatus":  "1"
    },
    {
        "switchName":  "10.88.61.193",
        "Location":  "Burton",
        "switchpingstatus":  "1"
    },
    {
        "switchName":  "10.88.61.194",
        "Location":  "Burton",
        "switchpingstatus":  "1"
    },
    {
        "switchName":  "10.88.54.193",
        "Location":  "Bury",
        "switchpingstatus":  "1"
    },
    {
        "switchName":  "10.88.54.194",
        "Location":  "Bury",
        "switchpingstatus":  "1"
    },
    {
        "switchName":  "10.88.62.193",
        "Location":  "Caerphilly",
        "switchpingstatus":  "1"
    },
    {
        "switchName":  "10.88.62.194",
        "Location":  "Caerphilly",
        "switchpingstatus":  "1"
    },
    {
        "switchName":  "10.88.170.193",
        "Location":  "Canning Town",
        "switchpingstatus":  "1"
    },
    {
        "switchName":  "10.88.170.194",
        "Location":  "Canning Town",
        "switchpingstatus":  "1"
    },
    {
        "switchName":  "10.88.183.193",
        "Location":  "Cannock",
        "switchpingstatus":  "1"
    },
    {
        "switchName":  "10.88.183.194",
        "Location":  "Cannock",
        "switchpingstatus":  "1"
    },
    {
        "switchName":  "10.89.9.193",
        "Location":  "Cardiff Newport Road",
        "switchpingstatus":  "1"
    },
    {
        "switchName":  "10.89.9.194",
        "Location":  "Cardiff Newport Road",
        "switchpingstatus":  "1"
    },
    {
        "switchName":  "10.88.18.193",
        "Location":  "Carlisle",
        "switchpingstatus":  "1"
    },
    {
        "switchName":  "10.88.18.194",
        "Location":  "Carlisle",
        "switchpingstatus":  "1"
    },
    {
        "switchName":  "10.88.64.193",
        "Location":  "Catford",
        "switchpingstatus":  "1"
    },
    {
        "switchName":  "10.88.64.194",
        "Location":  "Catford",
        "switchpingstatus":  "1"
    },
    {
        "switchName":  "10.88.64.195",
        "Location":  "Catford",
        "switchpingstatus":  "1"
    },
    {
        "switchName":  "10.88.65.193",
        "Location":  "Chadwell Heath",
        "switchpingstatus":  "1"
    },
    {
        "switchName":  "10.88.65.194",
        "Location":  "Chadwell Heath",
        "switchpingstatus":  "1"
    },
    {
        "switchName":  "10.88.65.195",
        "Location":  "Chadwell Heath",
        "switchpingstatus":  "1"
    },
    {
        "switchName":  "10.88.124.193",
        "Location":  "Chatham",
        "switchpingstatus":  "1"
    },
    {
        "switchName":  "10.88.124.194",
        "Location":  "Chatham",
        "switchpingstatus":  "1"
    },
    {
        "switchName":  "10.88.122.193",
        "Location":  "Cheltenham",
        "switchpingstatus":  "1"
    },
    {
        "switchName":  "10.88.122.194",
        "Location":  "Cheltenham",
        "switchpingstatus":  "1"
    },
    {
        "switchName":  "10.88.122.195",
        "Location":  "Cheltenham",
        "switchpingstatus":  "1"
    },
    {
        "switchName":  "10.88.66.193",
        "Location":  "Chesham",
        "switchpingstatus":  "1"
    },
    {
        "switchName":  "10.88.66.194",
        "Location":  "Chesham",
        "switchpingstatus":  "1"
    },
    {
        "switchName":  "10.88.66.195",
        "Location":  "Chesham",
        "switchpingstatus":  "1"
    },
    {
        "switchName":  "10.88.67.193",
        "Location":  "Chester",
        "switchpingstatus":  "1"
    },
    {
        "switchName":  "10.88.67.194",
        "Location":  "Chester",
        "switchpingstatus":  "1"
    },
    {
        "switchName":  "10.88.68.193",
        "Location":  "Chesterfield",
        "switchpingstatus":  "1"
    },
    {
        "switchName":  "10.88.68.194",
        "Location":  "Chesterfield",
        "switchpingstatus":  "1"
    },
    {
        "switchName":  "10.88.68.195",
        "Location":  "Chesterfield",
        "switchpingstatus":  "1"
    },
    {
        "switchName":  "10.88.69.193",
        "Location":  "Chippenham",
        "switchpingstatus":  "1"
    },
    {
        "switchName":  "10.88.69.194",
        "Location":  "Chippenham",
        "switchpingstatus":  "1"
    },
    {
        "switchName":  "10.88.70.193",
        "Location":  "Chorley",
        "switchpingstatus":  "1"
    },
    {
        "switchName":  "10.88.70.194",
        "Location":  "Chorley",
        "switchpingstatus":  "1"
    },
    {
        "switchName":  "10.88.33.193",
        "Location":  "Christchurch",
        "switchpingstatus":  "1"
    },
    {
        "switchName":  "10.88.33.194",
        "Location":  "Christchurch",
        "switchpingstatus":  "1"
    },
    {
        "switchName":  "10.88.202.193",
        "Location":  "Cirencester",
        "switchpingstatus":  "1"
    },
    {
        "switchName":  "10.88.202.194",
        "Location":  "Cirencester",
        "switchpingstatus":  "1"
    },
    {
        "switchName":  "10.88.178.193",
        "Location":  "Clifton",
        "switchpingstatus":  "1"
    },
    {
        "switchName":  "10.88.178.194",
        "Location":  "Clifton",
        "switchpingstatus":  "1"
    },
    {
        "switchName":  "10.88.71.193",
        "Location":  "Colchester",
        "switchpingstatus":  "1"
    },
    {
        "switchName":  "10.88.71.194",
        "Location":  "Colchester",
        "switchpingstatus":  "1"
    },
    {
        "switchName":  "10.88.154.193",
        "Location":  "Corby",
        "switchpingstatus":  "1"
    },
    {
        "switchName":  "10.88.154.194",
        "Location":  "Corby",
        "switchpingstatus":  "1"
    },
    {
        "switchName":  "10.88.19.193",
        "Location":  "Coventry",
        "switchpingstatus":  "1"
    },
    {
        "switchName":  "10.88.19.194",
        "Location":  "Coventry",
        "switchpingstatus":  "1"
    },
    {
        "switchName":  "10.89.2.193",
        "Location":  "Crawley",
        "switchpingstatus":  "1"
    },
    {
        "switchName":  "10.89.2.194",
        "Location":  "Crawley",
        "switchpingstatus":  "1"
    },
    {
        "switchName":  "10.88.180.193",
        "Location":  "Crewe",
        "switchpingstatus":  "1"
    },
    {
        "switchName":  "10.88.180.194",
        "Location":  "Crewe",
        "switchpingstatus":  "1"
    },
    {
        "switchName":  "10.88.72.193",
        "Location":  "Cricklewood",
        "switchpingstatus":  "1"
    },
    {
        "switchName":  "10.88.72.194",
        "Location":  "Cricklewood",
        "switchpingstatus":  "1"
    },
    {
        "switchName":  "10.88.38.193",
        "Location":  "Croydon",
        "switchpingstatus":  "1"
    },
    {
        "switchName":  "10.88.38.194",
        "Location":  "Croydon",
        "switchpingstatus":  "1"
    },
    {
        "switchName":  "10.88.255.193",
        "Location":  "Croydon Purley Way",
        "switchpingstatus":  "1"
    },
    {
        "switchName":  "10.88.255.194",
        "Location":  "Croydon Purley Way",
        "switchpingstatus":  "1"
    },
    {
        "switchName":  "10.88.74.193",
        "Location":  "Dartford",
        "switchpingstatus":  "1"
    },
    {
        "switchName":  "10.88.74.194",
        "Location":  "Dartford",
        "switchpingstatus":  "1"
    },
    {
        "switchName":  "10.88.49.193",
        "Location":  "Derby",
        "switchpingstatus":  "1"
    },
    {
        "switchName":  "10.88.49.194",
        "Location":  "Derby",
        "switchpingstatus":  "1"
    },
    {
        "switchName":  "10.88.161.193",
        "Location":  "Dewsbury",
        "switchpingstatus":  "1"
    },
    {
        "switchName":  "10.88.161.194",
        "Location":  "Dewsbury",
        "switchpingstatus":  "1"
    },
    {
        "switchName":  "10.88.75.193",
        "Location":  "Doncaster",
        "switchpingstatus":  "1"
    },
    {
        "switchName":  "10.88.75.194",
        "Location":  "Doncaster",
        "switchpingstatus":  "1"
    },
    {
        "switchName":  "10.88.76.193",
        "Location":  "Dorking",
        "switchpingstatus":  "1"
    },
    {
        "switchName":  "10.88.76.194",
        "Location":  "Dorking",
        "switchpingstatus":  "1"
    },
    {
        "switchName":  "10.88.77.193",
        "Location":  "Dudley",
        "switchpingstatus":  "1"
    },
    {
        "switchName":  "10.88.77.194",
        "Location":  "Dudley",
        "switchpingstatus":  "1"
    },
    {
        "switchName":  "10.88.206.193",
        "Location":  "Dumfries",
        "switchpingstatus":  "1"
    },
    {
        "switchName":  "10.88.206.194",
        "Location":  "Dumfries",
        "switchpingstatus":  "1"
    },
    {
        "switchName":  "10.88.182.193",
        "Location":  "Dundee",
        "switchpingstatus":  "1"
    },
    {
        "switchName":  "10.88.182.194",
        "Location":  "Dundee",
        "switchpingstatus":  "1"
    },
    {
        "switchName":  "10.88.159.193",
        "Location":  "Dunstable",
        "switchpingstatus":  "1"
    },
    {
        "switchName":  "10.88.159.194",
        "Location":  "Dunstable",
        "switchpingstatus":  "1"
    },
    {
        "switchName":  "10.88.159.195",
        "Location":  "Dunstable",
        "switchpingstatus":  "1"
    },
    {
        "switchName":  "10.88.78.193",
        "Location":  "Ealing",
        "switchpingstatus":  "1"
    },
    {
        "switchName":  "10.88.78.194",
        "Location":  "Ealing",
        "switchpingstatus":  "1"
    },
    {
        "switchName":  "10.88.208.193",
        "Location":  "East Grinstead",
        "switchpingstatus":  "1"
    },
    {
        "switchName":  "10.88.208.194",
        "Location":  "East Grinstead",
        "switchpingstatus":  "1"
    },
    {
        "switchName":  "10.88.52.193",
        "Location":  "Eastbourne",
        "switchpingstatus":  "1"
    },
    {
        "switchName":  "10.88.52.194",
        "Location":  "Eastbourne",
        "switchpingstatus":  "1"
    },
    {
        "switchName":  "10.88.95.193",
        "Location":  "Edinburgh",
        "switchpingstatus":  "1"
    },
    {
        "switchName":  "10.88.95.194",
        "Location":  "Edinburgh",
        "switchpingstatus":  "1"
    },
    {
        "switchName":  "10.88.127.193",
        "Location":  "Edmonton",
        "switchpingstatus":  "1"
    },
    {
        "switchName":  "10.88.127.194",
        "Location":  "Edmonton",
        "switchpingstatus":  "1"
    },
    {
        "switchName":  "10.88.96.193",
        "Location":  "Epsom",
        "switchpingstatus":  "1"
    },
    {
        "switchName":  "10.88.96.194",
        "Location":  "Epsom",
        "switchpingstatus":  "1"
    },
    {
        "switchName":  "10.88.97.193",
        "Location":  "Erith",
        "switchpingstatus":  "1"
    },
    {
        "switchName":  "10.88.97.194",
        "Location":  "Erith",
        "switchpingstatus":  "1"
    },
    {
        "switchName":  "10.88.199.193",
        "Location":  "Exeter",
        "switchpingstatus":  "1"
    },
    {
        "switchName":  "10.88.199.194",
        "Location":  "Exeter",
        "switchpingstatus":  "1"
    },
    {
        "switchName":  "10.88.175.193",
        "Location":  "Fareham",
        "switchpingstatus":  "1"
    },
    {
        "switchName":  "10.88.175.194",
        "Location":  "Fareham",
        "switchpingstatus":  "1"
    },
    {
        "switchName":  "10.88.157.193",
        "Location":  "Farnborough",
        "switchpingstatus":  "1"
    },
    {
        "switchName":  "10.88.157.194",
        "Location":  "Farnborough",
        "switchpingstatus":  "1"
    },
    {
        "switchName":  "10.88.224.193",
        "Location":  "Folkestone",
        "switchpingstatus":  "1"
    },
    {
        "switchName":  "10.88.224.194",
        "Location":  "Folkestone",
        "switchpingstatus":  "1"
    },
    {
        "switchName":  "10.88.98.193",
        "Location":  "Glasgow",
        "switchpingstatus":  "1"
    },
    {
        "switchName":  "10.88.98.194",
        "Location":  "Glasgow",
        "switchpingstatus":  "1"
    },
    {
        "switchName":  "10.88.20.193",
        "Location":  "Glossop",
        "switchpingstatus":  "1"
    },
    {
        "switchName":  "10.88.20.194",
        "Location":  "Glossop",
        "switchpingstatus":  "1"
    },
    {
        "switchName":  "10.88.34.193",
        "Location":  "Gloucester",
        "switchpingstatus":  "1"
    },
    {
        "switchName":  "10.88.34.194",
        "Location":  "Gloucester",
        "switchpingstatus":  "1"
    },
    {
        "switchName":  "10.88.99.193",
        "Location":  "Grantham",
        "switchpingstatus":  "1"
    },
    {
        "switchName":  "10.88.99.194",
        "Location":  "Grantham",
        "switchpingstatus":  "1"
    },
    {
        "switchName":  "10.88.100.193",
        "Location":  "Gravesend",
        "switchpingstatus":  "1"
    },
    {
        "switchName":  "10.88.100.194",
        "Location":  "Gravesend",
        "switchpingstatus":  "1"
    },
    {
        "switchName":  "10.88.220.193",
        "Location":  "Grimsby",
        "switchpingstatus":  "1"
    },
    {
        "switchName":  "10.88.220.194",
        "Location":  "Grimsby",
        "switchpingstatus":  "1"
    },
    {
        "switchName":  "10.88.101.193",
        "Location":  "Guildford",
        "switchpingstatus":  "1"
    },
    {
        "switchName":  "10.88.101.194",
        "Location":  "Guildford",
        "switchpingstatus":  "1"
    },
    {
        "switchName":  "10.88.102.193",
        "Location":  "Hailsham",
        "switchpingstatus":  "1"
    },
    {
        "switchName":  "10.88.102.194",
        "Location":  "Hailsham",
        "switchpingstatus":  "1"
    },
    {
        "switchName":  "10.88.57.193",
        "Location":  "Halesowen",
        "switchpingstatus":  "1"
    },
    {
        "switchName":  "10.88.57.194",
        "Location":  "Halesowen",
        "switchpingstatus":  "1"
    },
    {
        "switchName":  "10.88.103.193",
        "Location":  "Halifax",
        "switchpingstatus":  "1"
    },
    {
        "switchName":  "10.88.103.194",
        "Location":  "Halifax",
        "switchpingstatus":  "1"
    },
    {
        "switchName":  "10.88.51.193",
        "Location":  "Hall Green",
        "switchpingstatus":  "1"
    },
    {
        "switchName":  "10.88.51.194",
        "Location":  "Hall Green",
        "switchpingstatus":  "1"
    },
    {
        "switchName":  "10.88.50.193",
        "Location":  "Handsworth",
        "switchpingstatus":  "1"
    },
    {
        "switchName":  "10.88.50.194",
        "Location":  "Handsworth",
        "switchpingstatus":  "1"
    },
    {
        "switchName":  "10.88.104.193",
        "Location":  "Hanger Lane",
        "switchpingstatus":  "1"
    },
    {
        "switchName":  "10.88.104.194",
        "Location":  "Hanger Lane",
        "switchpingstatus":  "1"
    },
    {
        "switchName":  "10.88.141.193",
        "Location":  "Hanworth",
        "switchpingstatus":  "1"
    },
    {
        "switchName":  "10.88.141.194",
        "Location":  "Hanworth",
        "switchpingstatus":  "1"
    },
    {
        "switchName":  "10.88.106.193",
        "Location":  "Harlow",
        "switchpingstatus":  "1"
    },
    {
        "switchName":  "10.88.106.194",
        "Location":  "Harlow",
        "switchpingstatus":  "1"
    },
    {
        "switchName":  "10.88.106.195",
        "Location":  "Harlow",
        "switchpingstatus":  "1"
    },
    {
        "switchName":  "10.88.108.193",
        "Location":  "Havant",
        "switchpingstatus":  "1"
    },
    {
        "switchName":  "10.88.108.194",
        "Location":  "Havant",
        "switchpingstatus":  "1"
    },
    {
        "switchName":  "10.88.12.193",
        "Location":  "Haverfordwest",
        "switchpingstatus":  "1"
    },
    {
        "switchName":  "10.88.12.194",
        "Location":  "Haverfordwest",
        "switchpingstatus":  "1"
    },
    {
        "switchName":  "10.88.109.193",
        "Location":  "Hayes",
        "switchpingstatus":  "1"
    },
    {
        "switchName":  "10.88.109.194",
        "Location":  "Hayes",
        "switchpingstatus":  "1"
    },
    {
        "switchName":  "10.88.222.193",
        "Location":  "Hedge End",
        "switchpingstatus":  "1"
    },
    {
        "switchName":  "10.88.222.194",
        "Location":  "Hedge End",
        "switchpingstatus":  "1"
    },
    {
        "switchName":  "10.88.110.193",
        "Location":  "Hemel Hempstead",
        "switchpingstatus":  "1"
    },
    {
        "switchName":  "10.88.110.194",
        "Location":  "Hemel Hempstead",
        "switchpingstatus":  "1"
    },
    {
        "switchName":  "10.88.111.193",
        "Location":  "Hendon",
        "switchpingstatus":  "1"
    },
    {
        "switchName":  "10.88.111.194",
        "Location":  "Hendon",
        "switchpingstatus":  "1"
    },
    {
        "switchName":  "10.88.21.193",
        "Location":  "Hereford",
        "switchpingstatus":  "1"
    },
    {
        "switchName":  "10.88.21.194",
        "Location":  "Hereford",
        "switchpingstatus":  "1"
    },
    {
        "switchName":  "10.88.215.193",
        "Location":  "Hertford",
        "switchpingstatus":  "1"
    },
    {
        "switchName":  "10.88.215.194",
        "Location":  "Hertford",
        "switchpingstatus":  "1"
    },
    {
        "switchName":  "10.88.193.193",
        "Location":  "High Wycombe",
        "switchpingstatus":  "1"
    },
    {
        "switchName":  "10.88.193.194",
        "Location":  "High Wycombe",
        "switchpingstatus":  "1"
    },
    {
        "switchName":  "10.88.9.193",
        "Location":  "Hinckley",
        "switchpingstatus":  "1"
    },
    {
        "switchName":  "10.88.9.194",
        "Location":  "Hinckley",
        "switchpingstatus":  "1"
    },
    {
        "switchName":  "10.88.112.193",
        "Location":  "Huddersfield",
        "switchpingstatus":  "1"
    },
    {
        "switchName":  "10.88.112.194",
        "Location":  "Huddersfield",
        "switchpingstatus":  "1"
    },
    {
        "switchName":  "10.88.13.193",
        "Location":  "Hull",
        "switchpingstatus":  "1"
    },
    {
        "switchName":  "10.88.13.194",
        "Location":  "Hull",
        "switchpingstatus":  "1"
    },
    {
        "switchName":  "10.88.13.195",
        "Location":  "Hull",
        "switchpingstatus":  "1"
    },
    {
        "switchName":  "10.88.218.193",
        "Location":  "Huntingdon",
        "switchpingstatus":  "1"
    },
    {
        "switchName":  "10.88.218.194",
        "Location":  "Huntingdon",
        "switchpingstatus":  "1"
    },
    {
        "switchName":  "10.88.144.193",
        "Location":  "Ipswich",
        "switchpingstatus":  "1"
    },
    {
        "switchName":  "10.88.144.194",
        "Location":  "Ipswich",
        "switchpingstatus":  "1"
    },
    {
        "switchName":  "10.88.7.193",
        "Location":  "Kettering",
        "switchpingstatus":  "1"
    },
    {
        "switchName":  "10.88.7.194",
        "Location":  "Kettering",
        "switchpingstatus":  "1"
    },
    {
        "switchName":  "10.88.22.193",
        "Location":  "Kings Lynn",
        "switchpingstatus":  "1"
    },
    {
        "switchName":  "10.88.22.194",
        "Location":  "Kings Lynn",
        "switchpingstatus":  "1"
    },
    {
        "switchName":  "10.88.181.193",
        "Location":  "Lancaster",
        "switchpingstatus":  "1"
    },
    {
        "switchName":  "10.88.181.194",
        "Location":  "Lancaster",
        "switchpingstatus":  "1"
    },
    {
        "switchName":  "10.88.230.193",
        "Location":  "Leeds Roundhay",
        "switchpingstatus":  "1"
    },
    {
        "switchName":  "10.88.230.194",
        "Location":  "Leeds Roundhay",
        "switchpingstatus":  "1"
    },
    {
        "switchName":  "10.88.115.193",
        "Location":  "Letchworth",
        "switchpingstatus":  "1"
    },
    {
        "switchName":  "10.88.115.194",
        "Location":  "Letchworth",
        "switchpingstatus":  "1"
    },
    {
        "switchName":  "10.88.204.193",
        "Location":  "Lichfield",
        "switchpingstatus":  "1"
    },
    {
        "switchName":  "10.88.204.194",
        "Location":  "Lichfield",
        "switchpingstatus":  "1"
    },
    {
        "switchName":  "10.88.116.193",
        "Location":  "Lincoln",
        "switchpingstatus":  "1"
    },
    {
        "switchName":  "10.88.116.194",
        "Location":  "Lincoln",
        "switchpingstatus":  "1"
    },
    {
        "switchName":  "10.88.58.193",
        "Location":  "Littlehampton",
        "switchpingstatus":  "1"
    },
    {
        "switchName":  "10.88.58.194",
        "Location":  "Littlehampton",
        "switchpingstatus":  "1"
    },
    {
        "switchName":  "10.88.228.193",
        "Location":  "Loughton",
        "switchpingstatus":  "1"
    },
    {
        "switchName":  "10.88.228.194",
        "Location":  "Loughton",
        "switchpingstatus":  "1"
    },
    {
        "switchName":  "10.88.117.193",
        "Location":  "Lowestoft",
        "switchpingstatus":  "1"
    },
    {
        "switchName":  "10.88.117.194",
        "Location":  "Lowestoft",
        "switchpingstatus":  "1"
    },
    {
        "switchName":  "10.88.240.193",
        "Location":  "Luton",
        "switchpingstatus":  "1"
    },
    {
        "switchName":  "10.88.240.194",
        "Location":  "Luton",
        "switchpingstatus":  "1"
    },
    {
        "switchName":  "10.88.118.193",
        "Location":  "Macclesfield",
        "switchpingstatus":  "1"
    },
    {
        "switchName":  "10.88.118.194",
        "Location":  "Macclesfield",
        "switchpingstatus":  "1"
    },
    {
        "switchName":  "10.88.142.193",
        "Location":  "Maidstone",
        "switchpingstatus":  "1"
    },
    {
        "switchName":  "10.88.142.194",
        "Location":  "Maidstone",
        "switchpingstatus":  "1"
    },
    {
        "switchName":  "10.88.142.195",
        "Location":  "Maidstone",
        "switchpingstatus":  "1"
    },
    {
        "switchName":  "10.88.214.193",
        "Location":  "Maldon",
        "switchpingstatus":  "1"
    },
    {
        "switchName":  "10.88.214.194",
        "Location":  "Maldon",
        "switchpingstatus":  "1"
    },
    {
        "switchName":  "10.89.3.193",
        "Location":  "Martlesham Heath",
        "switchpingstatus":  "1"
    },
    {
        "switchName":  "10.89.3.194",
        "Location":  "Martlesham Heath",
        "switchpingstatus":  "1"
    },
    {
        "switchName":  "10.136.31.193",
        "Location":  "Mercury Drive",
        "switchpingstatus":  "1"
    },
    {
        "switchName":  "10.136.31.194",
        "Location":  "Mercury Drive",
        "switchpingstatus":  "1"
    },
    {
        "switchName":  "10.136.31.195",
        "Location":  "Mercury Drive",
        "switchpingstatus":  "1"
    },
    {
        "switchName":  "10.136.31.196",
        "Location":  "Mercury Drive",
        "switchpingstatus":  "1"
    },
    {
        "switchName":  "10.136.31.197",
        "Location":  "Mercury Drive",
        "switchpingstatus":  "1"
    },
    {
        "switchName":  "10.136.31.198",
        "Location":  "Mercury Drive",
        "switchpingstatus":  "1"
    },
    {
        "switchName":  "10.136.31.199",
        "Location":  "Mercury Drive",
        "switchpingstatus":  "1"
    },
    {
        "switchName":  "10.88.171.193",
        "Location":  "Merton",
        "switchpingstatus":  "1"
    },
    {
        "switchName":  "10.88.171.194",
        "Location":  "Merton",
        "switchpingstatus":  "1"
    },
    {
        "switchName":  "10.88.227.194",
        "Location":  "Midsomer Norton",
        "switchpingstatus":  "1"
    },
    {
        "switchName":  "10.88.8.193",
        "Location":  "Milton Keynes",
        "switchpingstatus":  "1"
    },
    {
        "switchName":  "10.88.8.194",
        "Location":  "Milton Keynes",
        "switchpingstatus":  "1"
    },
    {
        "switchName":  "10.88.15.193",
        "Location":  "Minworth",
        "switchpingstatus":  "1"
    },
    {
        "switchName":  "10.88.15.194",
        "Location":  "Minworth",
        "switchpingstatus":  "1"
    },
    {
        "switchName":  "10.88.233.193",
        "Location":  "Muswell Hill",
        "switchpingstatus":  "1"
    },
    {
        "switchName":  "10.88.229.193",
        "Location":  "Newbury",
        "switchpingstatus":  "1"
    },
    {
        "switchName":  "10.88.152.193",
        "Location":  "Newcastle",
        "switchpingstatus":  "1"
    },
    {
        "switchName":  "10.88.152.194",
        "Location":  "Newcastle",
        "switchpingstatus":  "1"
    },
    {
        "switchName":  "10.88.152.195",
        "Location":  "Newcastle",
        "switchpingstatus":  "1"
    },
    {
        "switchName":  "10.89.6.193",
        "Location":  "Newmarket",
        "switchpingstatus":  "1"
    },
    {
        "switchName":  "10.89.6.194",
        "Location":  "Newmarket",
        "switchpingstatus":  "1"
    },
    {
        "switchName":  "10.88.187.193",
        "Location":  "Newport",
        "switchpingstatus":  "1"
    },
    {
        "switchName":  "10.88.187.194",
        "Location":  "Newport",
        "switchpingstatus":  "1"
    },
    {
        "switchName":  "10.88.121.193",
        "Location":  "Northallerton",
        "switchpingstatus":  "1"
    },
    {
        "switchName":  "10.88.6.193",
        "Location":  "Northampton",
        "switchpingstatus":  "1"
    },
    {
        "switchName":  "10.88.6.194",
        "Location":  "Northampton",
        "switchpingstatus":  "1"
    },
    {
        "switchName":  "10.88.246.193",
        "Location":  "Norwich",
        "switchpingstatus":  "1"
    },
    {
        "switchName":  "10.88.246.194",
        "Location":  "Norwich",
        "switchpingstatus":  "1"
    },
    {
        "switchName":  "10.88.163.193",
        "Location":  "Nottingham Central",
        "switchpingstatus":  "1"
    },
    {
        "switchName":  "10.88.163.194",
        "Location":  "Nottingham Central",
        "switchpingstatus":  "1"
    },
    {
        "switchName":  "10.88.140.193",
        "Location":  "Nottingham North",
        "switchpingstatus":  "1"
    },
    {
        "switchName":  "10.88.140.194",
        "Location":  "Nottingham North",
        "switchpingstatus":  "1"
    },
    {
        "switchName":  "10.88.2.193",
        "Location":  "Nuneaton",
        "switchpingstatus":  "1"
    },
    {
        "switchName":  "10.88.2.194",
        "Location":  "Nuneaton",
        "switchpingstatus":  "1"
    },
    {
        "switchName":  "10.88.147.193",
        "Location":  "Oldham",
        "switchpingstatus":  "1"
    },
    {
        "switchName":  "10.88.147.194",
        "Location":  "Oldham",
        "switchpingstatus":  "1"
    },
    {
        "switchName":  "10.88.251.193",
        "Location":  "Outbase Crawley",
        "switchpingstatus":  "1"
    },
    {
        "switchName":  "10.88.139.193",
        "Location":  "Oxford",
        "switchpingstatus":  "1"
    },
    {
        "switchName":  "10.88.139.194",
        "Location":  "Oxford",
        "switchpingstatus":  "1"
    },
    {
        "switchName":  "10.88.55.193",
        "Location":  "Perry Barr",
        "switchpingstatus":  "1"
    },
    {
        "switchName":  "10.88.55.194",
        "Location":  "Perry Barr",
        "switchpingstatus":  "1"
    },
    {
        "switchName":  "10.88.39.193",
        "Location":  "Perth",
        "switchpingstatus":  "1"
    },
    {
        "switchName":  "10.88.39.194",
        "Location":  "Perth",
        "switchpingstatus":  "1"
    },
    {
        "switchName":  "10.88.1.193",
        "Location":  "Peterborough",
        "switchpingstatus":  "1"
    },
    {
        "switchName":  "10.88.1.194",
        "Location":  "Peterborough",
        "switchpingstatus":  "1"
    },
    {
        "switchName":  "10.88.145.193",
        "Location":  "Plumstead",
        "switchpingstatus":  "1"
    },
    {
        "switchName":  "10.88.145.194",
        "Location":  "Plumstead",
        "switchpingstatus":  "1"
    },
    {
        "switchName":  "10.88.23.193",
        "Location":  "Plymouth",
        "switchpingstatus":  "1"
    },
    {
        "switchName":  "10.88.23.194",
        "Location":  "Plymouth",
        "switchpingstatus":  "1"
    },
    {
        "switchName":  "10.88.40.193",
        "Location":  "Pontefract",
        "switchpingstatus":  "1"
    },
    {
        "switchName":  "10.88.40.194",
        "Location":  "Pontefract",
        "switchpingstatus":  "1"
    },
    {
        "switchName":  "10.88.41.193",
        "Location":  "Preston",
        "switchpingstatus":  "1"
    },
    {
        "switchName":  "10.88.41.194",
        "Location":  "Preston",
        "switchpingstatus":  "1"
    },
    {
        "switchName":  "10.88.42.193",
        "Location":  "Pudsey",
        "switchpingstatus":  "1"
    },
    {
        "switchName":  "10.88.42.194",
        "Location":  "Pudsey",
        "switchpingstatus":  "1"
    },
    {
        "switchName":  "10.88.166.193",
        "Location":  "Rayleigh",
        "switchpingstatus":  "1"
    },
    {
        "switchName":  "10.88.166.194",
        "Location":  "Rayleigh",
        "switchpingstatus":  "1"
    },
    {
        "switchName":  "10.88.146.193",
        "Location":  "Reading",
        "switchpingstatus":  "1"
    },
    {
        "switchName":  "10.88.146.194",
        "Location":  "Reading",
        "switchpingstatus":  "1"
    },
    {
        "switchName":  "10.88.43.193",
        "Location":  "Redditch",
        "switchpingstatus":  "1"
    },
    {
        "switchName":  "10.88.43.194",
        "Location":  "Redditch",
        "switchpingstatus":  "1"
    },
    {
        "switchName":  "10.88.160.193",
        "Location":  "Rotherham",
        "switchpingstatus":  "1"
    },
    {
        "switchName":  "10.88.160.194",
        "Location":  "Rotherham",
        "switchpingstatus":  "1"
    },
    {
        "switchName":  "10.88.238.193",
        "Location":  "Rugby",
        "switchpingstatus":  "1"
    },
    {
        "switchName":  "10.88.238.194",
        "Location":  "Rugby",
        "switchpingstatus":  "1"
    },
    {
        "switchName":  "10.88.164.193",
        "Location":  "Ruislip",
        "switchpingstatus":  "1"
    },
    {
        "switchName":  "10.88.164.194",
        "Location":  "Ruislip",
        "switchpingstatus":  "1"
    },
    {
        "switchName":  "10.88.10.193",
        "Location":  "Rushden",
        "switchpingstatus":  "1"
    },
    {
        "switchName":  "10.88.10.194",
        "Location":  "Rushden",
        "switchpingstatus":  "1"
    },
    {
        "switchName":  "10.88.237.193",
        "Location":  "Salisbury",
        "switchpingstatus":  "1"
    },
    {
        "switchName":  "10.88.237.194",
        "Location":  "Salisbury",
        "switchpingstatus":  "1"
    },
    {
        "switchName":  "10.136.9.194",
        "Location":  "SALTHOUS_8544_VIP_2960_002",
        "switchpingstatus":  "1"
    },
    {
        "switchName":  "10.136.9.195",
        "Location":  "SALTHOUS_8544_VIP_2960_003",
        "switchpingstatus":  "1"
    },
    {
        "switchName":  "10.136.9.196",
        "Location":  "SALTHOUS_8544_VIP_2960_004",
        "switchpingstatus":  "1"
    },
    {
        "switchName":  "10.136.9.197",
        "Location":  "SALTHOUS_8544_VIP_2960_005",
        "switchpingstatus":  "1"
    },
    {
        "switchName":  "10.136.9.198",
        "Location":  "SALTHOUS_8544_VIP_2960_006",
        "switchpingstatus":  "1"
    },
    {
        "switchName":  "10.136.9.199",
        "Location":  "SALTHOUS_8544_VIP_2960_007",
        "switchpingstatus":  "1"
    },
    {
        "switchName":  "10.136.9.200",
        "Location":  "SALTHOUS_8544_VIP_2960_008",
        "switchpingstatus":  "1"
    },
    {
        "switchName":  "10.136.9.202",
        "Location":  "SALTHOUS_8544_VIP_2960_010",
        "switchpingstatus":  "1"
    },
    {
        "switchName":  "10.136.9.203",
        "Location":  "SALTHOUS_8544_VIP_2960_011",
        "switchpingstatus":  "1"
    },
    {
        "switchName":  "10.136.9.204",
        "Location":  "SALTHOUS_8544_VIP_2960_012",
        "switchpingstatus":  "1"
    },
    {
        "switchName":  "10.136.9.205",
        "Location":  "SALTHOUS_8544_VIP_2960_013",
        "switchpingstatus":  "1"
    },
    {
        "switchName":  "10.136.9.206",
        "Location":  "SALTHOUS_8544_VIP_2960_014",
        "switchpingstatus":  "1"
    },
    {
        "switchName":  "10.136.9.207",
        "Location":  "SALTHOUS_8544_VIP_2960_015",
        "switchpingstatus":  "1"
    },
    {
        "switchName":  "10.136.9.208",
        "Location":  "SALTHOUS_8544_VIP_2960_016",
        "switchpingstatus":  "1"
    },
    {
        "switchName":  "10.136.9.209",
        "Location":  "SALTHOUS_8544_VIP_2960_017",
        "switchpingstatus":  "1"
    },
    {
        "switchName":  "10.136.9.210",
        "Location":  "SALTHOUS_8544_VIP_2960_018",
        "switchpingstatus":  "1"
    },
    {
        "switchName":  "10.136.9.211",
        "Location":  "SALTHOUS_8544_VIP_2960_019",
        "switchpingstatus":  "1"
    },
    {
        "switchName":  "10.136.9.212",
        "Location":  "SALTHOUS_8544_VIP_2960_020",
        "switchpingstatus":  "1"
    },
    {
        "switchName":  "10.136.9.213",
        "Location":  "SALTHOUS_8544_VIP_2960_021",
        "switchpingstatus":  "1"
    },
    {
        "switchName":  "10.136.9.214",
        "Location":  "SALTHOUS_8544_VIP_2960_022",
        "switchpingstatus":  "1"
    },
    {
        "switchName":  "10.136.9.201",
        "Location":  "SALTHOUS_8544_VIP_3750_009",
        "switchpingstatus":  "1"
    },
    {
        "switchName":  "10.136.9.193",
        "Location":  "SALTHOUS_8544_VIP_3750x_001",
        "switchpingstatus":  "1"
    },
    {
        "switchName":  "10.88.150.193",
        "Location":  "Scunthorpe",
        "switchpingstatus":  "1"
    },
    {
        "switchName":  "10.88.44.193",
        "Location":  "Sevenoaks",
        "switchpingstatus":  "1"
    },
    {
        "switchName":  "10.88.44.194",
        "Location":  "Sevenoaks",
        "switchpingstatus":  "1"
    },
    {
        "switchName":  "10.88.29.193",
        "Location":  "Sheffield Crystal Peaks",
        "switchpingstatus":  "1"
    },
    {
        "switchName":  "10.88.29.194",
        "Location":  "Sheffield Crystal Peaks",
        "switchpingstatus":  "1"
    },
    {
        "switchName":  "10.88.45.193",
        "Location":  "Sheffield North",
        "switchpingstatus":  "1"
    },
    {
        "switchName":  "10.88.45.194",
        "Location":  "Sheffield North",
        "switchpingstatus":  "1"
    },
    {
        "switchName":  "10.88.36.193",
        "Location":  "Shipley",
        "switchpingstatus":  "1"
    },
    {
        "switchName":  "10.88.36.194",
        "Location":  "Shipley",
        "switchpingstatus":  "1"
    },
    {
        "switchName":  "10.88.46.193",
        "Location":  "Shrewsbury",
        "switchpingstatus":  "1"
    },
    {
        "switchName":  "10.88.46.194",
        "Location":  "Shrewsbury",
        "switchpingstatus":  "1"
    },
    {
        "switchName":  "10.88.194.193",
        "Location":  "Sittingbourne",
        "switchpingstatus":  "1"
    },
    {
        "switchName":  "10.88.194.194",
        "Location":  "Sittingbourne",
        "switchpingstatus":  "1"
    },
    {
        "switchName":  "10.88.60.193",
        "Location":  "Slough",
        "switchpingstatus":  "1"
    },
    {
        "switchName":  "10.88.60.194",
        "Location":  "Slough",
        "switchpingstatus":  "1"
    },
    {
        "switchName":  "10.88.213.193",
        "Location":  "South Shields",
        "switchpingstatus":  "1"
    },
    {
        "switchName":  "10.88.213.194",
        "Location":  "South Shields",
        "switchpingstatus":  "1"
    },
    {
        "switchName":  "10.88.143.193",
        "Location":  "Southampton",
        "switchpingstatus":  "1"
    },
    {
        "switchName":  "10.88.143.194",
        "Location":  "Southampton",
        "switchpingstatus":  "1"
    },
    {
        "switchName":  "10.88.30.193",
        "Location":  "Southport",
        "switchpingstatus":  "1"
    },
    {
        "switchName":  "10.88.24.193",
        "Location":  "St Albans",
        "switchpingstatus":  "1"
    },
    {
        "switchName":  "10.88.24.194",
        "Location":  "St Albans",
        "switchpingstatus":  "1"
    },
    {
        "switchName":  "10.88.190.193",
        "Location":  "Stafford",
        "switchpingstatus":  "1"
    },
    {
        "switchName":  "10.88.190.194",
        "Location":  "Stafford",
        "switchpingstatus":  "1"
    },
    {
        "switchName":  "10.89.7.193",
        "Location":  "Staines",
        "switchpingstatus":  "1"
    },
    {
        "switchName":  "10.89.7.194",
        "Location":  "Staines",
        "switchpingstatus":  "1"
    },
    {
        "switchName":  "10.88.48.193",
        "Location":  "Stevenage",
        "switchpingstatus":  "1"
    },
    {
        "switchName":  "10.88.48.194",
        "Location":  "Stevenage",
        "switchpingstatus":  "1"
    },
    {
        "switchName":  "10.88.56.193",
        "Location":  "Stirchley",
        "switchpingstatus":  "1"
    },
    {
        "switchName":  "10.88.56.194",
        "Location":  "Stirchley",
        "switchpingstatus":  "1"
    },
    {
        "switchName":  "10.88.59.193",
        "Location":  "Stirling",
        "switchpingstatus":  "1"
    },
    {
        "switchName":  "10.88.59.194",
        "Location":  "Stirling",
        "switchpingstatus":  "1"
    },
    {
        "switchName":  "10.88.59.195",
        "Location":  "Stirling",
        "switchpingstatus":  "1"
    },
    {
        "switchName":  "10.88.151.193",
        "Location":  "Stockport",
        "switchpingstatus":  "1"
    },
    {
        "switchName":  "10.88.151.194",
        "Location":  "Stockport",
        "switchpingstatus":  "1"
    },
    {
        "switchName":  "10.88.173.193",
        "Location":  "Stockton",
        "switchpingstatus":  "1"
    },
    {
        "switchName":  "10.88.173.194",
        "Location":  "Stockton",
        "switchpingstatus":  "1"
    },
    {
        "switchName":  "10.88.176.193",
        "Location":  "Stoke",
        "switchpingstatus":  "1"
    },
    {
        "switchName":  "10.88.176.194",
        "Location":  "Stoke",
        "switchpingstatus":  "1"
    },
    {
        "switchName":  "10.88.239.193",
        "Location":  "Stowmarket",
        "switchpingstatus":  "1"
    },
    {
        "switchName":  "10.88.239.194",
        "Location":  "Stowmarket",
        "switchpingstatus":  "1"
    },
    {
        "switchName":  "10.89.11.193",
        "Location":  "Sunderland",
        "switchpingstatus":  "1"
    },
    {
        "switchName":  "10.89.11.194",
        "Location":  "Sunderland",
        "switchpingstatus":  "1"
    },
    {
        "switchName":  "10.88.162.193",
        "Location":  "Sutton Ashfield",
        "switchpingstatus":  "1"
    },
    {
        "switchName":  "10.88.162.194",
        "Location":  "Sutton Ashfield",
        "switchpingstatus":  "1"
    },
    {
        "switchName":  "10.88.37.193",
        "Location":  "Sutton London",
        "switchpingstatus":  "1"
    },
    {
        "switchName":  "10.88.37.194",
        "Location":  "Sutton London",
        "switchpingstatus":  "1"
    },
    {
        "switchName":  "10.88.149.193",
        "Location":  "Swansea",
        "switchpingstatus":  "1"
    },
    {
        "switchName":  "10.88.149.194",
        "Location":  "Swansea",
        "switchpingstatus":  "1"
    },
    {
        "switchName":  "10.88.130.193",
        "Location":  "Swindon",
        "switchpingstatus":  "1"
    },
    {
        "switchName":  "10.88.130.194",
        "Location":  "Swindon",
        "switchpingstatus":  "1"
    },
    {
        "switchName":  "10.88.130.195",
        "Location":  "Swindon",
        "switchpingstatus":  "1"
    },
    {
        "switchName":  "10.88.197.193",
        "Location":  "Tamworth",
        "switchpingstatus":  "1"
    },
    {
        "switchName":  "10.88.197.194",
        "Location":  "Tamworth",
        "switchpingstatus":  "1"
    },
    {
        "switchName":  "10.88.156.193",
        "Location":  "Taunton",
        "switchpingstatus":  "1"
    },
    {
        "switchName":  "10.88.156.194",
        "Location":  "Taunton",
        "switchpingstatus":  "1"
    },
    {
        "switchName":  "10.88.200.193",
        "Location":  "Telford",
        "switchpingstatus":  "1"
    },
    {
        "switchName":  "10.88.200.194",
        "Location":  "Telford",
        "switchpingstatus":  "1"
    },
    {
        "switchName":  "10.88.203.193",
        "Location":  "Thetford",
        "switchpingstatus":  "1"
    },
    {
        "switchName":  "10.88.203.194",
        "Location":  "Thetford",
        "switchpingstatus":  "1"
    },
    {
        "switchName":  "10.88.247.193",
        "Location":  "Thurmaston",
        "switchpingstatus":  "1"
    },
    {
        "switchName":  "10.88.168.193",
        "Location":  "Tottenham",
        "switchpingstatus":  "1"
    },
    {
        "switchName":  "10.88.168.194",
        "Location":  "Tottenham",
        "switchpingstatus":  "1"
    },
    {
        "switchName":  "10.88.53.193",
        "Location":  "Trowbridge",
        "switchpingstatus":  "1"
    },
    {
        "switchName":  "10.88.53.194",
        "Location":  "Trowbridge",
        "switchpingstatus":  "1"
    },
    {
        "switchName":  "10.88.35.193",
        "Location":  "Truro",
        "switchpingstatus":  "1"
    },
    {
        "switchName":  "10.88.35.194",
        "Location":  "Truro",
        "switchpingstatus":  "1"
    },
    {
        "switchName":  "10.88.155.193",
        "Location":  "Tunbridge Wells",
        "switchpingstatus":  "1"
    },
    {
        "switchName":  "10.88.155.194",
        "Location":  "Tunbridge Wells",
        "switchpingstatus":  "1"
    },
    {
        "switchName":  "10.88.217.193",
        "Location":  "Tunstall",
        "switchpingstatus":  "1"
    },
    {
        "switchName":  "10.88.217.194",
        "Location":  "Tunstall",
        "switchpingstatus":  "1"
    },
    {
        "switchName":  "10.88.196.193",
        "Location":  "Wakefield",
        "switchpingstatus":  "1"
    },
    {
        "switchName":  "10.88.196.194",
        "Location":  "Wakefield",
        "switchpingstatus":  "1"
    },
    {
        "switchName":  "10.88.123.193",
        "Location":  "Wallsend",
        "switchpingstatus":  "1"
    },
    {
        "switchName":  "10.88.123.194",
        "Location":  "Wallsend",
        "switchpingstatus":  "1"
    },
    {
        "switchName":  "10.88.125.193",
        "Location":  "Waltham Cross",
        "switchpingstatus":  "1"
    },
    {
        "switchName":  "10.88.125.194",
        "Location":  "Waltham Cross",
        "switchpingstatus":  "1"
    },
    {
        "switchName":  "10.88.191.193",
        "Location":  "Warrington",
        "switchpingstatus":  "1"
    },
    {
        "switchName":  "10.88.191.194",
        "Location":  "Warrington",
        "switchpingstatus":  "1"
    },
    {
        "switchName":  "10.88.174.193",
        "Location":  "Waterlooville",
        "switchpingstatus":  "1"
    },
    {
        "switchName":  "10.88.174.194",
        "Location":  "Waterlooville",
        "switchpingstatus":  "1"
    },
    {
        "switchName":  "10.88.243.193",
        "Location":  "Watford",
        "switchpingstatus":  "1"
    },
    {
        "switchName":  "10.88.243.194",
        "Location":  "Watford",
        "switchpingstatus":  "1"
    },
    {
        "switchName":  "10.136.21.194",
        "Location":  "WATFORDW_8199_VIP_2960_002",
        "switchpingstatus":  "1"
    },
    {
        "switchName":  "10.136.21.195",
        "Location":  "WATFORDW_8199_VIP_2960_003",
        "switchpingstatus":  "1"
    },
    {
        "switchName":  "10.136.21.196",
        "Location":  "WATFORDW_8199_VIP_2960_004",
        "switchpingstatus":  "1"
    },
    {
        "switchName":  "10.136.21.197",
        "Location":  "WATFORDW_8199_VIP_2960_005",
        "switchpingstatus":  "1"
    },
    {
        "switchName":  "10.136.21.198",
        "Location":  "WATFORDW_8199_VIP_2960_006",
        "switchpingstatus":  "1"
    },
    {
        "switchName":  "10.136.21.199",
        "Location":  "WATFORDW_8199_VIP_2960_007",
        "switchpingstatus":  "1"
    },
    {
        "switchName":  "10.136.21.200",
        "Location":  "WATFORDW_8199_VIP_2960_008",
        "switchpingstatus":  "1"
    },
    {
        "switchName":  "10.136.21.201",
        "Location":  "WATFORDW_8199_VIP_2960_009",
        "switchpingstatus":  "1"
    },
    {
        "switchName":  "10.136.21.202",
        "Location":  "WATFORDW_8199_VIP_2960_010",
        "switchpingstatus":  "1"
    },
    {
        "switchName":  "10.136.21.203",
        "Location":  "WATFORDW_8199_VIP_2960_011",
        "switchpingstatus":  "1"
    },
    {
        "switchName":  "10.136.21.204",
        "Location":  "WATFORDW_8199_VIP_2960_012",
        "switchpingstatus":  "1"
    },
    {
        "switchName":  "10.136.21.205",
        "Location":  "WATFORDW_8199_VIP_2960_013",
        "switchpingstatus":  "1"
    },
    {
        "switchName":  "10.136.21.193",
        "Location":  "WATFORDW_8199_VIP_3750x_001",
        "switchpingstatus":  "1"
    },
    {
        "switchName":  "10.88.254.193",
        "Location":  "Welwyn Garden City",
        "switchpingstatus":  "1"
    },
    {
        "switchName":  "10.88.254.194",
        "Location":  "Welwyn Garden City",
        "switchpingstatus":  "1"
    },
    {
        "switchName":  "10.88.134.193",
        "Location":  "West Wickham",
        "switchpingstatus":  "1"
    },
    {
        "switchName":  "10.88.134.194",
        "Location":  "West Wickham",
        "switchpingstatus":  "1"
    },
    {
        "switchName":  "10.88.128.193",
        "Location":  "Weston Super Mare",
        "switchpingstatus":  "1"
    },
    {
        "switchName":  "10.88.128.194",
        "Location":  "Weston Super Mare",
        "switchpingstatus":  "1"
    },
    {
        "switchName":  "10.136.7.194",
        "Location":  "WICKESHD_8166_VIP_2960_002",
        "switchpingstatus":  "1"
    },
    {
        "switchName":  "10.136.7.195",
        "Location":  "WICKESHD_8166_VIP_2960_003",
        "switchpingstatus":  "1"
    },
    {
        "switchName":  "10.136.7.196",
        "Location":  "WICKESHD_8166_VIP_2960_004",
        "switchpingstatus":  "1"
    },
    {
        "switchName":  "10.136.7.197",
        "Location":  "WICKESHD_8166_VIP_2960_005",
        "switchpingstatus":  "1"
    },
    {
        "switchName":  "10.136.7.198",
        "Location":  "WICKESHD_8166_VIP_2960_006",
        "switchpingstatus":  "1"
    },
    {
        "switchName":  "10.136.7.199",
        "Location":  "WICKESHD_8166_VIP_2960_007",
        "switchpingstatus":  "1"
    },
    {
        "switchName":  "10.136.7.200",
        "Location":  "WICKESHD_8166_VIP_2960_008",
        "switchpingstatus":  "1"
    },
    {
        "switchName":  "10.136.7.201",
        "Location":  "WICKESHD_8166_VIP_2960_009",
        "switchpingstatus":  "1"
    },
    {
        "switchName":  "10.136.7.202",
        "Location":  "WICKESHD_8166_VIP_2960_010",
        "switchpingstatus":  "1"
    },
    {
        "switchName":  "10.136.7.193",
        "Location":  "WICKESHD_8166_VIP_3850_001",
        "switchpingstatus":  "1"
    },
    {
        "switchName":  "10.89.8.193",
        "Location":  "Wigston",
        "switchpingstatus":  "1"
    },
    {
        "switchName":  "10.89.8.194",
        "Location":  "Wigston",
        "switchpingstatus":  "1"
    },
    {
        "switchName":  "10.88.158.193",
        "Location":  "Wimbledon",
        "switchpingstatus":  "1"
    },
    {
        "switchName":  "10.88.158.194",
        "Location":  "Wimbledon",
        "switchpingstatus":  "1"
    },
    {
        "switchName":  "10.88.226.193",
        "Location":  "Winchester",
        "switchpingstatus":  "1"
    },
    {
        "switchName":  "10.88.226.194",
        "Location":  "Winchester",
        "switchpingstatus":  "1"
    },
    {
        "switchName":  "10.88.26.193",
        "Location":  "Winnersh",
        "switchpingstatus":  "1"
    },
    {
        "switchName":  "10.88.26.194",
        "Location":  "Winnersh",
        "switchpingstatus":  "1"
    },
    {
        "switchName":  "10.88.133.193",
        "Location":  "Winsford",
        "switchpingstatus":  "1"
    },
    {
        "switchName":  "10.88.133.194",
        "Location":  "Winsford",
        "switchpingstatus":  "1"
    },
    {
        "switchName":  "10.89.4.193",
        "Location":  "Wisbech",
        "switchpingstatus":  "1"
    },
    {
        "switchName":  "10.89.4.194",
        "Location":  "Wisbech",
        "switchpingstatus":  "1"
    },
    {
        "switchName":  "10.88.165.193",
        "Location":  "Woking",
        "switchpingstatus":  "1"
    },
    {
        "switchName":  "10.88.165.194",
        "Location":  "Woking",
        "switchpingstatus":  "1"
    },
    {
        "switchName":  "10.88.132.193",
        "Location":  "Wolverhampton",
        "switchpingstatus":  "1"
    },
    {
        "switchName":  "10.88.132.194",
        "Location":  "Wolverhampton",
        "switchpingstatus":  "1"
    },
    {
        "switchName":  "10.88.27.193",
        "Location":  "Worcester",
        "switchpingstatus":  "1"
    },
    {
        "switchName":  "10.88.27.194",
        "Location":  "Worcester",
        "switchpingstatus":  "1"
    },
    {
        "switchName":  "10.88.212.193",
        "Location":  "Worksop",
        "switchpingstatus":  "1"
    },
    {
        "switchName":  "10.88.212.194",
        "Location":  "Worksop",
        "switchpingstatus":  "1"
    },
    {
        "switchName":  "10.88.172.193",
        "Location":  "Worthing",
        "switchpingstatus":  "1"
    },
    {
        "switchName":  "10.88.172.194",
        "Location":  "Worthing",
        "switchpingstatus":  "1"
    },
    {
        "switchName":  "10.88.192.193",
        "Location":  "Wrexham",
        "switchpingstatus":  "1"
    },
    {
        "switchName":  "10.88.192.194",
        "Location":  "Wrexham",
        "switchpingstatus":  "1"
    },
    {
        "switchName":  "10.88.31.193",
        "Location":  "Yeovil",
        "switchpingstatus":  "1"
    },
    {
        "switchName":  "10.88.31.194",
        "Location":  "Yeovil",
        "switchpingstatus":  "1"
    },
    {
        "switchName":  "10.88.221.193",
        "Location":  "York",
        "switchpingstatus":  "1"
    },
    {
        "switchName":  "10.88.221.194",
        "Location":  "York",
        "switchpingstatus":  "1"
    },
    {
        "switchName":  "10.88.114.193",
        "Location":  "Aberdeen",
        "switchpingstatus":  "1"
    },
    {
        "switchName":  "10.88.114.194",
        "Location":  "Aberdeen",
        "switchpingstatus":  "1"
    },
    {
        "switchName":  "10.88.177.193",
        "Location":  "CHELMSFORD",
        "switchpingstatus":  "1"
    },
    {
        "switchName":  "10.88.177.194",
        "Location":  "CHELMSFORD",
        "switchpingstatus":  "1"
    },
    {
        "switchName":  "10.88.177.195",
        "Location":  "CHELMSFORD",
        "switchpingstatus":  "1"
    },
    {
        "switchName":  "10.88.32.193",
        "Location":  "DURHAM",
        "switchpingstatus":  "1"
    },
    {
        "switchName":  "10.88.32.194",
        "Location":  "DURHAM",
        "switchpingstatus":  "1"
    },
    {
        "switchName":  "10.88.184.197",
        "Location":  "Leamington spa",
        "switchpingstatus":  "1"
    },
    {
        "switchName":  "10.88.184.196",
        "Location":  "Leamington spa",
        "switchpingstatus":  "1"
    },
    {
        "switchName":  "10.88.184.195",
        "Location":  "Leamington spa",
        "switchpingstatus":  "1"
    },
    {
        "switchName":  "10.88.138.193",
        "Location":  "Long Eaton",
        "switchpingstatus":  "1"
    },
    {
        "switchName":  "10.88.138.194",
        "Location":  "Long Eaton",
        "switchpingstatus":  "1"
    },
    {
        "switchName":  "10.88.227.193",
        "Location":  "MIDSOMER",
        "switchpingstatus":  "1"
    },
    {
        "switchName":  "10.136.31.200",
        "Location":  "MercuryD",
        "switchpingstatus":  "1"
    },
    {
        "switchName":  "10.88.48.193",
        "Location":  "STEVENAGE",
        "switchpingstatus":  "1"
    },
    {
        "switchName":  "10.88.48.194",
        "Location":  "STEVENAGE",
        "switchpingstatus":  "1"
    },
    {
        "switchName":  "10.88.105.193",
        "Location":  "TORQUAY",
        "switchpingstatus":  "1"
    },
    {
        "switchName":  "10.88.105.194",
        "Location":  "TORQUAY",
        "switchpingstatus":  "1"
    },
    {
        "switchName":  "10.88.0.193",
        "Location":  "WIDNES",
        "switchpingstatus":  "1"
    },
    {
        "switchName":  "10.88.0.194",
        "Location":  "WIDNES",
        "switchpingstatus":  "1"
    },
    {
        "switchName":  "10.88.0.195",
        "Location":  "WIDNES",
        "switchpingstatus":  "1"
    },
    {
        "switchName":  "10.89.8.193",
        "Location":  "WIGSTON",
        "switchpingstatus":  "1"
    },
    {
        "switchName":  "10.88.48.193",
        "Location":  "STEVENAGE_8416_MS210_SW001",
        "switchpingstatus":  "1"
    },
    {
        "switchName":  "10.88.114.193",
        "Location":  "Aberdeen_8587_MS210_SW001",
        "switchpingstatus":  "1"
    },
    {
        "switchName":  "10.88.114.194",
        "Location":  "Aberdeen_8587_MS210_SW002",
        "switchpingstatus":  "1"
    },
    {
        "switchName":  "10.88.185.193",
        "Location":  "Bury_St_Edmunds_8515_ MS210_SW001",
        "switchpingstatus":  "1"
    },
    {
        "switchName":  "10.88.185.194",
        "Location":  "Bury_St_Edmunds_8515_ MS210_SW002",
        "switchpingstatus":  "1"
    },
    {
        "switchName":  "10.88.177.193",
        "Location":  "CHELMSFORD_8566_MS210_SW001",
        "switchpingstatus":  "1"
    },
    {
        "switchName":  "10.88.177.194",
        "Location":  "CHELMSFORD_8566_MS210_SW002",
        "switchpingstatus":  "1"
    },
    {
        "switchName":  "10.88.177.195",
        "Location":  "CHELMSFORD_8566_MS210_SW003",
        "switchpingstatus":  "1"
    },
    {
        "switchName":  "10.88.161.195",
        "Location":  "DEWSBURY_8066_MS120_SW003",
        "switchpingstatus":  "1"
    },
    {
        "switchName":  "10.89.12.193",
        "Location":  "Dunfermline_8517_MS210_SW001",
        "switchpingstatus":  "1"
    },
    {
        "switchName":  "10.89.12.194",
        "Location":  "Dunfermline_8517_MS210_SW002",
        "switchpingstatus":  "1"
    },
    {
        "switchName":  "10.88.32.193",
        "Location":  "DURHAM_8573_MS210_SW001",
        "switchpingstatus":  "1"
    },
    {
        "switchName":  "10.88.32.194",
        "Location":  "DURHAM_8573_MS210_SW002",
        "switchpingstatus":  "1"
    },
    {
        "switchName":  "10.88.184.197",
        "Location":  "Leamington_Spa_8586_MS120_SW003",
        "switchpingstatus":  "1"
    },
    {
        "switchName":  "10.88.184.196",
        "Location":  "Leamington_Spa_8586_MS210_SW001 ",
        "switchpingstatus":  "1"
    },
    {
        "switchName":  "10.88.184.195",
        "Location":  "Leamington_Spa_8586_MS210_SW002 ",
        "switchpingstatus":  "1"
    },
    {
        "switchName":  "10.88.138.193",
        "Location":  "Long Eaton_8585_MS210_SW001",
        "switchpingstatus":  "1"
    },
    {
        "switchName":  "10.88.138.194",
        "Location":  "Long Eaton_8585_MS210_SW002",
        "switchpingstatus":  "1"
    },
    {
        "switchName":  "10.136.31.200",
        "Location":  "MercuryD_5744_VIP_MS210_008",
        "switchpingstatus":  "1"
    },
    {
        "switchName":  "10.88.227.193",
        "Location":  "MIDSOMER_8486_WKS_001",
        "switchpingstatus":  "1"
    },
    {
        "switchName":  "10.88.25.202",
        "Location":  "Southport_8519_MS210_SW001",
        "switchpingstatus":  "1"
    },
    {
        "switchName":  "10.88.25.203",
        "Location":  "Southport_8519_MS210_SW002",
        "switchpingstatus":  "1"
    },
    {
        "switchName":  "10.88.48.194",
        "Location":  "STEVENAGE_8416_MS210_SW002",
        "switchpingstatus":  "1"
    },
    {
        "switchName":  "10.88.105.193",
        "Location":  "TORQUAY_8549_MS210_SW001",
        "switchpingstatus":  "1"
    },
    {
        "switchName":  "10.88.105.194",
        "Location":  "TORQUAY_8549_MS210_SW002",
        "switchpingstatus":  "1"
    },
    {
        "switchName":  "10.88.0.193",
        "Location":  "WIDNES_8571_MS210_SW001",
        "switchpingstatus":  "1"
    },
    {
        "switchName":  "10.88.0.194",
        "Location":  "WIDNES_8571_MS210_SW002",
        "switchpingstatus":  "1"
    },
    {
        "switchName":  "10.88.0.195",
        "Location":  "WIDNES_8571_MS210_SW003",
        "switchpingstatus":  "1"
    },
    {
        "switchName":  "10.89.8.193",
        "Location":  "WIGSTON_8393_MS210_SW001",
        "switchpingstatus":  "1"
    }
]
